,BEER,NONALCOHOL,BURGER,HOTDOG,TW1,TW2,TW3
0,3,3,0,0,0,1,1
1,2,2,2,2,0,0,1
2,6,1,1,0,1,0,1
3,1,1,0,0,1,1,1
4,3,4,2,0,0,1,1
5,2,4,1,0,0,0,0
6,1,2,0,0,0,1,0
7,2,3,0,3,0,1,1
8,3,3,0,1,0,0,1
9,1,4,0,0,0,1,1
10,3,3,1,1,1,0,1
11,0,4,0,0,0,1,1
12,5,2,0,0,0,0,0
13,4,2,2,3,0,0,0
14,1,4,0,0,1,1,0
15,1,4,3,1,0,0,1
16,0,0,2,2,0,0,1
17,1,1,1,1,1,0,1
18,2,0,1,1,1,0,1
19,3,3,2,1,0,0,1
20,6,2,3,2,0,0,0
21,2,3,2,0,1,0,1
22,2,3,0,0,0,0,0
23,3,0,0,1,0,1,1
24,2,3,1,3,0,1,1
25,4,0,0,1,0,1,1
26,3,3,2,1,0,0,1
27,2,0,0,1,0,0,1
28,2,3,3,0,0,0,1
29,0,3,1,3,0,1,1
30,2,3,1,2,0,1,0
31,3,4,1,0,1,1,1
32,0,2,0,0,1,0,1
33,0,2,3,0,1,0,1
34,2,4,3,1,0,1,0
35,3,3,2,0,0,0,0
36,3,5,3,0,0,0,1
37,1,1,0,1,0,1,1
38,2,4,1,0,1,1,1
39,0,3,3,2,0,1,0
40,2,4,3,1,0,1,1
41,5,4,1,0,0,1,1
42,3,3,0,2,0,0,1
43,3,2,0,2,0,1,1
44,3,4,3,1,1,1,1
45,2,0,0,0,0,1,0
46,3,4,1,0,0,0,0
47,2,3,0,1,0,1,1
48,1,0,1,1,1,0,1
49,2,2,2,2,1,1,1
50,1,6,1,1,1,1,0
51,4,3,3,0,0,0,0
52,2,2,0,0,1,1,1
53,3,3,1,1,1,1,1
54,2,2,0,0,1,1,0
55,4,2,3,2,1,1,1
56,2,3,0,1,0,0,1
57,2,3,0,1,0,0,1
58,2,3,3,2,0,0,0
59,2,1,2,2,0,0,1
60,0,3,2,2,0,0,1
61,4,2,0,3,0,1,1
62,2,2,1,0,0,0,0
63,5,2,0,3,0,0,1
64,0,2,1,3,0,0,0
65,2,4,1,2,0,0,1
66,3,0,0,1,0,1,1
67,1,0,1,2,1,0,0
68,4,2,3,1,0,0,1
69,2,4,2,1,1,1,0
70,3,2,0,1,0,0,1
71,2,2,2,1,0,0,0
72,3,4,0,0,0,0,1
73,1,2,0,0,0,1,1
74,2,0,1,3,0,1,0
75,4,4,0,2,0,0,1
76,3,3,0,3,0,1,1
77,1,4,2,1,0,0,1
78,3,2,1,0,0,0,1
79,3,0,2,1,0,1,0
80,0,4,0,0,0,0,1
81,4,0,0,1,1,0,1
82,3,2,1,2,0,0,1
83,3,4,1,1,1,0,0
84,0,3,0,0,0,0,1
85,2,0,0,2,1,0,1
86,3,1,1,0,0,1,1
87,0,0,1,3,1,0,0
88,4,2,0,2,0,1,1
89,2,3,0,2,0,1,0
90,6,2,0,1,1,1,0
91,3,3,1,3,1,1,0
92,2,3,0,2,0,1,1
93,2,5,0,1,0,1,1
94,3,3,3,1,0,0,1
95,6,1,0,0,1,1,1
96,1,4,2,1,0,0,0
97,2,1,1,0,0,0,1
98,3,3,0,0,0,0,1
99,1,3,2,1,0,0,0
100,6,3,2,1,1,0,1
101,2,6,1,3,0,1,1
102,4,3,3,3,0,0,1
103,2,3,3,2,0,1,1
104,2,4,0,1,1,1,1
105,0,3,1,1,1,1,1
106,2,0,1,1,1,0,1
107,1,4,0,2,1,0,1
108,0,3,0,0,0,0,1
109,3,4,0,3,0,0,1
110,2,4,0,1,0,1,1
111,0,5,1,1,0,0,1
112,2,3,2,1,0,0,0
113,3,2,0,2,0,1,1
114,3,2,0,2,0,1,1
115,3,2,0,1,0,1,1
116,3,0,2,1,1,1,1
117,4,4,1,1,1,0,1
118,3,2,2,2,0,0,1
119,0,5,1,1,0,1,1
120,5,0,1,0,1,1,1
121,0,5,1,1,1,1,1
122,3,2,1,3,0,1,0
123,2,2,1,2,1,0,1
124,2,2,2,1,1,1,1
125,3,3,1,0,1,1,1
126,4,4,0,2,1,0,1
127,4,3,0,1,0,0,1
128,3,3,3,1,1,0,1
129,2,0,0,2,0,1,1
130,4,3,1,2,0,0,0
131,2,3,0,0,1,1,1
132,3,2,2,2,0,1,1
133,4,3,0,2,0,1,1
134,2,3,2,1,0,0,0
135,2,1,1,1,1,0,1
136,3,5,3,1,0,0,1
137,1,3,2,0,0,0,0
138,0,2,1,0,0,1,1
139,2,3,1,0,0,0,1
140,0,3,0,1,0,0,1
141,3,2,0,2,0,0,0
142,1,2,2,1,0,1,1
143,2,4,0,1,0,0,1
144,4,6,1,1,1,1,1
145,2,3,0,2,1,0,1
146,3,2,2,0,0,0,1
147,2,3,2,3,1,1,0
148,4,2,0,1,1,0,1
149,3,1,3,2,0,0,1
150,4,2,1,1,0,1,1
151,4,3,0,1,1,0,0
152,2,0,1,3,0,0,1
153,2,3,2,2,0,0,0
154,2,2,0,0,1,1,0
155,6,2,2,0,0,0,1
156,2,5,2,1,0,1,1
157,5,3,3,0,0,0,1
158,1,1,2,0,1,0,0
159,1,0,0,1,0,1,1
160,3,3,1,3,0,0,1
161,1,4,0,0,1,0,1
162,2,1,1,1,1,0,1
163,3,2,0,2,0,0,1
164,3,1,1,1,0,1,1
165,4,2,0,1,1,0,1
166,3,4,0,0,0,0,1
167,2,3,0,0,0,0,1
168,0,5,0,0,1,0,1
169,2,3,0,1,1,0,1
170,0,0,2,0,0,0,1
171,1,3,0,1,0,1,0
172,4,2,0,1,0,0,1
173,4,2,3,0,0,0,1
174,3,5,3,0,0,1,1
175,3,2,1,0,0,0,1
176,0,3,3,0,0,0,1
177,6,4,0,0,0,1,1
178,0,4,0,1,0,0,1
179,3,4,0,2,1,0,1
180,5,4,2,0,0,0,0
181,2,1,1,0,0,0,1
182,0,3,1,2,0,0,0
183,3,0,2,1,1,0,1
184,4,0,0,1,0,1,0
185,4,4,2,3,0,1,1
186,2,1,1,2,0,0,1
187,3,4,1,2,0,1,0
188,0,6,3,1,1,1,1
189,3,3,0,1,0,1,0
190,4,3,1,2,0,1,1
191,3,3,2,1,1,1,1
192,3,0,3,0,0,1,1
193,2,3,0,3,0,1,1
194,3,4,1,1,0,0,1
195,2,0,0,1,1,0,1
196,3,2,1,3,0,1,1
197,2,4,2,3,0,1,1
198,3,3,1,1,1,1,1
199,3,4,1,1,1,0,0
200,2,2,0,0,0,0,0
201,2,0,1,0,0,0,1
202,5,6,1,2,0,0,1
203,3,0,0,0,0,0,0
204,3,3,1,1,0,0,0
205,3,2,0,0,0,1,1
206,2,0,0,1,0,0,0
207,0,3,1,1,0,0,0
208,3,3,0,1,1,0,1
209,3,3,0,2,0,1,1
210,1,4,2,2,0,0,1
211,1,3,3,2,0,0,1
212,3,4,0,0,0,0,1
213,4,4,2,1,0,0,1
214,3,6,2,0,0,1,1
215,0,4,0,2,0,0,1
216,3,3,3,3,1,0,1
217,0,0,0,1,0,0,0
218,2,4,0,0,0,0,1
219,3,3,0,1,0,0,1
220,2,6,1,3,0,0,1
221,3,4,1,0,1,0,1
222,2,6,1,0,0,0,1
223,2,3,2,3,0,0,1
224,4,4,1,1,0,1,1
225,3,2,1,0,1,1,1
226,0,4,0,0,0,1,1
227,2,3,3,1,0,0,0
228,2,2,3,0,0,1,1
229,0,2,3,3,1,0,1
230,0,4,2,1,0,1,1
231,3,3,0,2,1,0,1
232,4,4,0,2,0,0,0
233,4,2,3,2,1,1,1
234,4,3,0,0,1,0,1
235,3,2,1,0,1,0,1
236,1,6,1,2,1,1,1
237,3,6,1,2,0,0,1
238,3,0,2,3,1,1,0
239,3,5,3,1,0,1,1
240,4,4,0,0,0,0,1
241,3,4,0,0,0,1,0
242,5,4,2,2,0,0,1
243,2,1,1,3,1,0,1
244,4,3,2,1,0,1,1
245,4,2,1,1,1,0,1
246,3,1,2,2,1,1,1
247,3,4,2,1,1,0,1
248,0,3,0,2,0,0,1
249,4,4,0,0,0,0,1
250,3,2,1,0,0,0,1
251,2,3,0,1,1,1,1
252,2,4,3,2,1,1,1
253,3,4,0,1,1,0,1
254,2,6,2,0,0,1,1
255,2,0,1,1,0,1,1
256,0,6,2,2,0,0,1
257,3,0,1,2,1,1,1
258,4,1,1,1,0,0,1
259,4,3,1,2,0,1,1
260,6,3,1,2,0,1,1
261,2,3,1,1,0,0,1
262,4,2,2,0,0,0,1
263,3,2,0,1,0,0,1
264,2,3,3,1,0,1,1
265,4,3,0,0,0,0,0
266,3,2,0,1,0,1,1
267,6,4,1,1,1,1,1
268,2,3,1,3,0,1,0
269,2,4,1,1,0,1,1
270,2,3,2,2,0,1,1
271,1,1,1,1,1,1,0
272,1,1,0,0,0,0,1
273,2,4,0,1,0,0,0
274,5,3,2,0,0,1,1
275,4,2,1,3,0,1,1
276,1,5,0,1,0,1,1
277,2,3,1,1,0,1,1
278,4,4,1,1,1,0,1
279,2,3,0,0,0,0,1
280,2,2,2,1,0,1,0
281,3,4,0,1,0,1,1
282,3,3,0,3,0,0,1
283,2,2,0,1,1,1,1
284,2,6,1,0,0,1,1
285,2,3,0,1,1,1,1
286,1,4,1,1,0,0,1
287,2,1,1,1,0,0,1
288,2,4,2,1,0,0,1
289,0,1,2,1,0,1,1
290,1,4,2,1,0,0,1
291,3,3,2,1,1,0,1
292,1,3,0,3,0,0,1
293,3,4,2,3,0,1,1
294,1,0,1,2,0,0,1
295,2,5,0,1,0,1,0
296,2,2,0,1,0,1,1
297,3,0,2,3,0,1,1
298,2,1,0,1,1,0,1
299,3,4,3,2,0,0,1
300,2,0,1,1,0,1,0
301,3,5,0,3,1,1,1
302,2,1,1,2,0,1,1
303,2,3,1,0,0,0,1
304,3,3,3,2,0,1,1
305,0,3,2,0,1,0,1
306,3,4,0,2,0,0,0
307,2,4,1,3,1,0,0
308,4,2,2,1,0,0,1
309,1,3,0,1,0,0,1
310,0,3,2,1,0,1,1
311,0,2,1,1,0,0,1
312,2,3,2,2,0,0,0
313,4,3,0,3,0,0,1
314,0,0,0,1,0,0,1
315,2,4,1,3,1,0,1
316,3,3,3,3,0,1,1
317,2,4,0,3,0,0,1
318,5,3,1,1,0,0,1
319,3,2,2,3,1,0,1
320,2,2,3,1,0,1,0
321,3,3,1,1,0,0,0
322,2,2,0,1,1,0,1
323,6,1,1,3,0,1,1
324,3,1,2,2,1,1,1
325,2,3,1,2,0,0,1
326,3,2,1,3,0,0,0
327,4,4,0,0,0,0,1
328,3,2,2,0,0,0,1
329,2,3,1,1,1,0,1
330,6,1,1,1,0,0,1
331,3,0,3,0,0,0,0
332,5,5,2,0,0,1,1
333,3,4,1,0,0,0,1
334,2,4,1,1,1,0,1
335,2,3,1,1,0,1,1
336,2,4,0,3,0,0,1
337,4,2,0,0,1,0,1
338,4,2,3,1,1,1,0
339,2,3,0,0,1,0,1
340,1,2,0,0,0,1,1
341,0,3,2,2,0,0,1
342,4,3,2,3,0,1,1
343,3,2,3,0,0,0,0
344,2,0,3,0,0,0,0
345,4,3,2,0,1,1,1
346,5,2,2,1,1,0,0
347,2,3,0,2,0,0,1
348,2,6,1,1,1,0,0
349,4,4,3,1,1,1,1
350,4,3,2,0,0,0,0
351,2,1,0,3,0,0,1
352,3,2,3,1,0,1,1
353,4,3,0,2,0,1,1
354,3,3,2,2,0,0,0
355,3,2,0,1,0,0,1
356,2,4,1,1,1,1,1
357,3,3,2,2,0,1,1
358,1,3,1,1,0,0,1
359,2,2,0,3,1,0,1
360,2,2,1,2,0,0,1
361,3,3,1,0,0,1,0
362,2,0,1,1,1,0,1
363,0,3,2,0,1,0,0
364,2,0,0,3,1,1,0
365,2,5,1,2,1,1,1
366,0,4,3,0,1,1,1
367,1,3,0,1,0,1,1
368,4,2,1,1,0,0,1
369,2,3,0,1,1,1,1
370,3,5,3,0,1,0,1
371,4,2,2,1,1,1,1
372,2,2,0,1,1,1,0
373,2,4,3,2,0,0,1
374,1,4,1,1,0,0,1
375,1,3,0,1,0,0,1
376,3,3,2,1,0,0,1
377,3,1,3,0,0,1,1
378,3,0,1,2,0,0,1
379,4,3,0,1,0,1,0
380,5,2,0,3,0,0,1
381,4,4,1,1,0,0,0
382,4,4,0,1,0,1,1
383,5,1,1,2,0,0,1
384,3,0,1,0,1,0,1
385,4,4,3,0,0,0,1
386,3,3,1,1,0,1,0
387,3,3,0,3,0,0,0
388,2,3,0,1,0,0,1
389,2,3,0,0,0,0,1
390,4,4,0,0,1,1,0
391,6,3,0,0,0,0,1
392,0,1,0,0,1,0,1
393,1,4,0,1,0,0,1
394,1,1,0,3,0,1,1
395,3,0,1,0,0,1,1
396,2,2,2,3,1,1,1
397,3,4,2,2,0,1,1
398,2,2,3,1,0,0,1
399,3,3,1,0,0,1,1
400,2,0,1,0,0,1,0
401,3,4,3,1,0,0,1
402,2,2,0,1,0,1,1
403,3,3,3,2,0,0,1
404,0,4,1,1,0,1,0
405,3,4,2,2,1,1,1
406,3,3,0,1,0,1,0
407,2,4,3,1,0,1,1
408,0,0,3,1,0,1,1
409,0,4,0,1,0,1,0
410,3,2,1,2,0,1,1
411,2,3,1,1,0,1,1
412,2,5,0,0,0,1,1
413,2,1,1,1,1,0,1
414,3,6,0,1,0,0,1
415,4,1,1,1,1,1,0
416,2,3,2,1,0,1,1
417,2,2,3,2,0,0,1
418,3,3,3,1,1,1,0
419,2,4,1,1,0,0,0
420,5,4,0,0,0,1,0
421,1,2,2,3,0,0,1
422,3,4,2,0,0,1,0
423,1,4,0,2,1,1,1
424,3,1,2,0,0,0,1
425,3,4,1,0,0,1,1
426,3,0,1,1,0,0,1
427,3,3,2,1,0,1,1
428,3,3,1,1,1,1,0
429,1,6,0,1,0,0,0
430,0,1,0,1,1,0,0
431,3,3,0,2,0,0,1
432,2,3,3,0,1,1,0
433,0,0,3,1,1,1,1
434,2,3,0,1,1,0,1
435,2,3,0,0,0,0,0
436,3,1,2,1,0,1,1
437,3,3,0,1,0,0,1
438,0,3,0,1,0,0,0
439,2,0,2,3,0,1,1
440,2,5,0,0,0,0,1
441,2,3,2,2,0,0,0
442,0,4,0,1,1,0,0
443,3,3,0,0,0,0,1
444,3,2,0,1,1,0,1
445,2,1,3,0,0,0,1
446,3,3,1,1,1,0,1
447,3,1,1,1,0,1,1
448,4,3,3,2,0,0,1
449,2,5,2,2,0,0,1
450,0,1,1,1,0,0,0
451,0,0,1,0,0,0,1
452,2,3,0,1,0,1,0
453,2,3,0,1,0,1,0
454,3,0,0,2,0,1,1
455,1,4,2,0,0,0,1
456,3,4,0,2,0,0,1
457,4,4,3,0,0,0,1
458,5,3,0,1,0,0,1
459,2,3,0,1,0,0,1
460,3,3,0,0,0,0,1
461,3,5,2,0,0,0,0
462,3,3,0,2,0,0,1
463,4,3,3,1,1,0,1
464,0,2,2,1,0,1,1
465,1,2,2,0,0,0,1
466,4,4,0,0,0,1,1
467,3,3,1,0,0,0,1
468,4,0,1,1,1,0,1
469,1,3,0,1,1,1,1
470,0,0,0,2,0,1,1
471,3,4,0,2,1,0,1
472,2,4,2,0,1,0,1
473,3,4,1,0,0,1,1
474,2,1,0,1,0,0,1
475,3,3,0,1,1,0,0
476,3,3,0,0,1,0,0
477,3,4,0,0,1,1,1
478,3,2,3,3,0,0,1
479,0,5,0,1,1,1,1
480,2,0,1,0,1,0,1
481,0,4,0,2,0,0,1
482,4,3,0,1,1,0,1
483,3,2,1,1,1,0,1
484,4,4,1,1,1,0,0
485,4,2,1,1,0,0,1
486,0,5,1,3,1,0,1
487,2,1,2,0,1,1,0
488,0,3,0,0,0,0,0
489,2,4,1,2,0,1,1
490,1,0,0,3,0,1,1
491,2,3,0,1,0,1,1
492,3,4,0,3,0,0,1
493,4,1,0,3,0,0,0
494,3,5,3,0,0,1,1
495,2,2,1,1,0,0,1
496,3,4,1,3,0,0,1
497,4,0,1,1,1,1,1
498,4,4,1,1,0,1,1
499,3,4,3,2,0,0,0
500,2,0,1,1,0,0,1
501,0,2,1,2,0,0,1
502,6,6,1,1,0,1,1
503,2,1,0,0,0,1,1
504,5,1,0,0,0,0,1
505,2,4,3,0,0,1,1
506,4,3,2,1,0,1,0
507,5,6,1,0,0,1,1
508,1,3,0,0,0,0,1
509,3,3,0,1,1,1,1
510,2,2,0,2,0,1,1
511,0,4,0,1,0,0,1
512,1,3,2,1,1,0,1
513,2,3,0,1,0,1,1
514,3,2,2,2,0,1,1
515,2,3,1,3,0,0,1
516,3,3,0,2,0,0,0
517,1,2,3,1,0,1,0
518,4,2,0,1,0,0,1
519,0,1,2,3,0,0,1
520,3,3,3,2,0,1,1
521,4,4,0,1,1,1,0
522,4,2,1,0,0,1,0
523,3,3,0,1,0,0,1
524,3,3,1,0,0,0,0
525,3,3,1,3,1,1,1
526,2,5,3,2,1,0,1
527,3,3,2,1,0,1,0
528,4,6,2,1,0,1,0
529,2,4,1,2,0,0,1
530,3,4,0,0,0,1,1
531,2,3,1,1,1,0,1
532,2,1,2,1,0,0,1
533,0,3,3,2,0,1,1
534,6,4,0,0,0,0,1
535,1,3,2,2,0,0,1
536,2,2,0,1,0,0,0
537,2,2,1,0,0,0,0
538,0,2,1,0,0,0,1
539,3,1,0,0,0,1,0
540,3,0,0,2,0,1,1
541,4,1,2,3,0,1,1
542,3,2,1,0,0,0,1
543,3,3,1,0,1,0,1
544,2,4,0,1,1,0,1
545,2,2,0,1,0,1,1
546,3,4,1,0,0,0,1
547,2,3,0,1,0,1,1
548,0,2,2,0,1,0,0
549,3,2,0,1,0,0,1
550,2,0,3,0,1,0,0
551,3,3,1,2,0,1,1
552,1,4,0,2,1,0,1
553,2,3,2,1,0,1,0
554,2,3,1,0,1,1,0
555,2,5,2,2,1,0,0
556,0,2,3,1,0,0,1
557,0,4,1,1,0,0,1
558,1,2,1,1,1,0,1
559,2,3,2,1,0,1,1
560,4,2,2,0,1,0,1
561,2,4,0,0,1,0,1
562,4,1,1,2,1,0,1
563,4,4,2,0,1,1,1
564,0,1,1,0,0,0,1
565,3,3,1,0,0,0,1
566,2,3,0,1,0,1,1
567,3,0,1,0,1,0,1
568,2,4,1,1,1,1,1
569,4,4,2,0,0,0,0
570,5,0,1,3,0,1,0
571,3,2,0,1,0,1,1
572,2,2,2,0,1,0,0
573,1,1,2,2,0,0,1
574,2,2,1,3,0,0,1
575,4,3,1,2,0,0,0
576,1,3,2,2,0,0,1
577,2,0,0,1,0,0,1
578,3,0,0,1,0,1,1
579,3,2,0,1,0,1,1
580,2,3,0,2,1,1,1
581,3,3,2,0,0,0,1
582,2,3,1,0,0,0,0
583,0,2,0,0,0,0,1
584,3,1,0,0,0,1,1
585,3,2,1,0,1,1,1
586,3,3,3,1,0,0,1
587,3,2,0,1,1,0,0
588,2,2,0,2,0,0,1
589,2,4,2,3,0,1,0
590,4,4,2,1,0,1,1
591,2,3,1,3,0,0,1
592,2,2,2,1,0,0,0
593,4,2,0,2,0,1,1
594,3,5,2,0,1,1,1
595,4,0,0,2,1,0,1
596,3,0,1,1,0,0,0
597,2,3,0,0,0,0,1
598,3,4,0,3,0,0,1
599,6,2,0,2,0,1,0
600,3,4,0,0,0,0,1
601,5,1,1,1,0,1,1
602,2,4,1,1,0,1,1
603,4,4,0,1,0,0,0
604,2,2,0,1,0,0,1
605,3,2,2,1,0,1,1
606,3,3,2,1,0,1,0
607,3,3,2,3,0,0,1
608,3,3,1,1,1,0,1
609,4,4,2,1,1,1,0
610,1,6,3,2,0,1,1
611,1,0,0,1,0,0,1
612,3,0,2,2,0,1,0
613,3,4,1,1,0,0,0
614,2,3,1,3,0,0,0
615,3,2,3,1,0,0,1
616,1,3,2,2,0,0,1
617,2,2,0,3,0,1,1
618,0,2,1,2,0,0,1
619,2,4,1,0,0,1,1
620,3,4,0,1,1,1,1
621,3,4,1,0,1,1,1
622,3,0,1,1,0,0,1
623,4,3,2,0,0,1,1
624,2,0,0,2,0,0,0
625,4,2,2,1,0,0,1
626,2,3,0,2,0,1,0
627,4,3,2,2,0,1,1
628,4,3,0,2,0,0,1
629,4,2,2,0,1,1,1
630,2,3,3,1,0,0,0
631,4,4,0,0,0,0,1
632,2,3,0,3,0,1,1
633,2,2,0,1,0,0,1
634,1,4,1,1,0,0,1
635,2,3,1,0,0,1,1
636,3,4,1,0,0,0,0
637,2,2,0,1,0,0,0
638,2,3,1,1,0,0,1
639,2,2,1,2,0,0,1
640,3,5,1,1,0,1,1
641,4,4,1,3,0,0,1
642,2,3,1,1,1,0,1
643,3,3,1,3,0,0,1
644,6,3,2,1,0,0,1
645,2,1,2,0,0,1,0
646,2,2,3,0,0,0,1
647,3,0,0,2,1,1,1
648,3,4,1,1,1,1,0
649,2,3,0,2,0,0,1
650,3,3,1,0,0,0,1
651,3,4,2,2,0,0,1
652,2,1,2,1,0,1,1
653,2,3,3,1,1,0,1
654,2,3,3,1,1,1,1
655,0,2,2,2,0,1,1
656,2,3,2,3,0,0,1
657,1,2,0,2,0,1,1
658,2,5,0,2,0,0,1
659,1,2,2,0,0,0,0
660,0,1,0,2,0,0,0
661,4,3,0,1,0,0,0
662,3,2,0,0,0,1,1
663,1,4,2,1,0,0,1
664,2,3,2,2,0,0,0
665,2,2,0,1,0,0,1
666,2,2,0,3,1,0,0
667,2,3,1,0,0,1,1
668,3,2,0,1,0,1,1
669,3,2,2,0,0,0,1
670,3,4,1,1,1,0,1
671,6,3,0,3,0,0,1
672,2,3,2,2,1,0,1
673,1,3,0,1,0,1,1
674,4,3,0,2,0,0,1
675,0,3,3,1,0,0,1
676,1,4,1,0,0,1,1
677,1,4,2,1,0,0,1
678,2,0,1,1,0,0,1
679,2,3,0,1,0,1,1
680,4,4,1,0,1,1,1
681,0,2,0,1,0,1,1
682,2,0,3,1,0,1,1
683,1,3,1,2,0,1,1
684,3,2,2,2,1,0,1
685,4,4,1,1,0,0,1
686,3,2,1,0,1,1,1
687,1,1,3,0,0,1,1
688,3,3,1,0,0,0,1
689,2,6,1,0,1,0,1
690,3,1,2,0,0,1,1
691,2,3,0,0,0,0,0
692,3,2,0,0,0,0,0
693,0,3,1,1,0,0,1
694,2,0,0,3,0,0,1
695,3,1,1,1,0,0,1
696,2,3,2,1,1,0,1
697,2,3,3,2,0,1,1
698,2,2,0,1,1,0,1
699,4,4,2,1,1,0,1
700,2,3,3,3,0,1,1
701,2,3,0,1,0,0,1
702,3,2,2,1,0,1,1
703,0,3,1,1,1,0,1
704,1,1,2,3,0,1,0
705,3,3,0,1,0,0,1
706,4,4,3,1,0,0,1
707,3,4,0,0,0,1,1
708,3,2,0,1,0,0,1
709,2,1,0,0,1,1,1
710,2,2,0,1,0,1,0
711,5,2,1,1,1,1,1
712,2,3,3,1,1,1,0
713,2,2,2,2,0,0,1
714,4,3,0,3,1,1,1
715,0,2,1,1,0,0,0
716,3,2,0,1,1,1,1
717,6,4,1,0,1,0,1
718,3,3,3,3,0,1,1
719,2,3,0,2,1,0,1
720,4,0,0,0,0,0,1
721,4,4,1,3,1,0,1
722,2,4,0,2,0,0,0
723,1,3,2,2,1,0,1
724,1,4,0,1,0,1,1
725,4,2,1,2,1,0,1
726,3,3,2,0,0,1,0
727,6,1,1,0,1,1,1
728,2,3,0,3,0,1,1
729,0,4,2,2,0,0,0
730,4,3,0,0,0,0,0
731,1,3,1,2,0,0,0
732,4,3,0,0,1,0,1
733,1,4,1,1,1,0,1
734,5,0,0,1,0,0,1
735,4,3,0,1,0,1,0
736,2,3,0,1,0,0,0
737,2,0,0,1,0,1,1
738,3,3,1,1,0,0,1
739,2,0,3,2,0,1,0
740,4,3,1,0,0,1,1
741,0,4,0,2,1,0,1
742,1,4,0,1,0,0,1
743,2,0,0,1,0,0,0
744,0,3,1,0,0,1,0
745,3,3,0,3,1,1,1
746,2,4,2,0,0,0,1
747,2,1,1,0,1,0,1
748,1,4,0,1,0,1,1
749,3,2,3,2,0,0,1
750,3,4,0,1,1,1,0
751,5,3,0,0,0,1,1
752,3,2,0,1,0,1,1
753,3,4,3,1,0,0,0
754,0,2,2,0,0,1,1
755,3,3,0,3,0,1,1
756,4,4,0,1,1,1,1
757,4,3,1,0,1,0,0
758,1,3,1,0,0,0,1
759,1,2,1,0,1,0,1
760,2,3,1,1,0,0,0
761,6,2,2,0,0,1,1
762,2,3,0,1,0,0,1
763,1,3,3,0,0,1,1
764,2,0,0,0,0,1,1
765,0,0,0,1,0,1,1
766,3,4,1,1,1,1,1
767,0,4,1,2,0,0,0
768,0,3,1,0,0,1,1
769,3,4,1,1,1,0,1
770,3,3,2,1,0,1,1
771,4,4,1,0,0,0,1
772,3,1,0,1,0,0,1
773,6,3,0,0,0,1,1
774,2,2,3,0,0,0,0
775,4,4,3,0,0,1,1
776,0,1,1,2,0,1,1
777,3,3,0,0,0,1,0
778,4,0,1,3,1,1,1
779,0,0,0,3,1,0,1
780,3,2,2,1,0,0,1
781,2,2,2,0,0,1,1
782,4,0,2,1,0,0,1
783,4,3,0,0,0,0,0
784,2,5,0,0,0,1,0
785,3,0,0,1,0,0,1
786,2,3,1,1,0,1,1
787,5,3,0,1,0,0,1
788,5,0,0,1,0,1,1
789,2,2,1,1,0,1,0
790,5,4,0,3,0,0,0
791,0,4,3,0,0,0,1
792,2,0,0,3,0,0,0
793,2,3,0,3,0,1,1
794,3,3,3,1,1,1,1
795,2,4,2,1,0,0,1
796,2,0,0,0,0,1,1
797,3,4,1,2,1,0,1
798,3,4,1,1,0,1,1
799,2,0,0,1,1,1,1
800,0,2,2,3,0,0,1
801,2,3,0,0,0,1,0
802,3,3,1,1,0,1,1
803,4,3,0,1,0,1,1
804,0,3,2,1,0,0,1
805,2,1,0,3,1,0,0
806,2,2,2,2,0,1,1
807,1,1,2,2,0,1,0
808,0,1,0,1,0,0,0
809,5,3,1,1,1,0,1
810,2,3,1,2,0,0,0
811,0,4,1,1,0,0,1
812,3,3,2,0,0,0,1
813,2,1,0,0,1,0,0
814,2,4,2,2,1,1,1
815,2,0,1,1,0,0,1
816,2,3,1,1,1,0,0
817,2,0,0,1,1,0,0
818,4,2,1,3,1,0,1
819,2,4,0,0,0,0,1
820,4,2,2,0,0,1,0
821,4,4,0,1,0,1,1
822,6,1,0,3,0,0,1
823,1,4,1,1,1,0,1
824,4,4,2,0,0,0,1
825,4,1,2,1,0,0,1
826,4,1,1,2,0,0,1
827,2,3,0,2,0,0,1
828,2,0,0,1,1,0,0
829,0,4,1,1,0,0,1
830,2,3,1,1,0,1,1
831,2,3,0,2,1,1,1
832,3,6,0,2,0,0,1
833,2,0,1,2,0,0,1
834,2,2,0,0,1,1,0
835,3,2,1,1,0,1,1
836,2,2,2,1,0,1,1
837,1,4,1,2,1,0,1
838,3,2,2,0,1,0,1
839,4,3,1,1,0,1,0
840,2,3,0,1,0,0,1
841,4,3,0,3,1,0,0
842,2,2,0,2,0,0,1
843,1,3,2,2,0,0,1
844,2,3,2,1,0,1,0
845,2,4,2,1,1,0,1
846,3,2,2,0,0,1,1
847,6,4,0,3,0,1,1
848,3,4,2,0,0,1,1
849,2,1,1,1,0,1,1
850,1,4,1,3,0,1,1
851,2,4,0,0,0,0,1
852,4,2,2,1,0,0,1
853,3,0,0,1,0,0,0
854,2,3,0,1,0,0,0
855,5,4,0,1,0,1,0
856,4,2,2,0,0,1,0
857,1,4,2,2,0,1,1
858,2,3,1,0,0,1,1
859,2,1,0,1,1,1,0
860,2,2,3,1,0,0,1
861,0,2,0,0,0,1,0
862,4,3,0,1,0,1,1
863,2,0,0,1,0,1,1
864,5,2,1,1,1,1,1
865,3,2,0,2,0,1,1
866,5,4,1,1,0,1,1
867,1,2,0,0,0,0,0
868,0,4,0,0,0,0,1
869,4,3,1,1,0,0,1
870,3,4,0,1,1,1,0
871,3,3,3,1,0,1,1
872,5,4,1,2,0,0,1
873,4,4,0,1,0,0,0
874,3,4,2,0,0,1,1
875,2,2,1,2,1,1,1
876,4,3,2,2,0,0,1
877,3,1,2,0,1,0,1
878,2,4,1,1,1,1,1
879,4,4,3,1,0,0,1
880,2,2,1,2,0,1,1
881,2,3,0,1,0,1,0
882,2,3,1,2,0,1,1
883,2,2,2,0,1,1,1
884,2,3,3,1,1,0,0
885,3,1,1,0,1,0,1
886,3,3,1,1,1,1,1
887,3,3,0,1,0,1,1
888,4,3,0,1,1,1,1
889,0,0,0,0,1,1,1
890,3,2,2,3,1,1,0
891,3,4,1,3,0,0,1
892,4,3,1,0,1,1,1
893,2,3,0,1,1,0,1
894,2,3,2,0,0,0,1
895,2,1,0,3,0,0,1
896,2,5,2,1,0,0,1
897,2,3,1,1,1,1,1
898,3,3,1,2,0,0,1
899,3,3,2,1,1,0,1
900,2,3,0,1,0,1,1
901,2,3,2,1,1,1,1
902,1,3,2,3,1,1,0
903,0,0,2,2,0,0,1
904,2,3,2,3,1,0,1
905,4,3,1,1,0,1,0
906,1,2,2,2,0,1,1
907,3,5,2,2,1,0,1
908,0,5,0,0,0,1,0
909,3,3,1,3,1,1,1
910,2,2,0,2,0,0,1
911,3,3,0,2,0,0,1
912,0,3,0,2,1,0,1
913,3,0,0,1,1,1,1
914,3,3,3,2,0,1,1
915,3,0,0,2,0,0,0
916,2,4,0,3,0,0,0
917,2,2,0,3,1,0,1
918,4,4,0,1,0,1,1
919,3,3,3,1,0,0,1
920,3,4,0,1,1,0,1
921,4,2,0,2,0,1,1
922,3,1,0,3,1,0,1
923,2,1,1,1,1,1,1
924,3,4,3,0,0,0,1
925,4,3,0,0,1,1,1
926,0,3,1,2,0,0,1
927,2,3,0,0,0,0,1
928,5,2,0,1,0,1,1
929,2,4,0,3,0,0,0
930,2,0,0,0,0,1,1
931,1,2,2,0,0,1,1
932,3,1,2,2,1,1,0
933,2,3,0,1,1,0,0
934,4,1,1,1,1,1,0
935,0,3,3,2,0,0,0
936,1,4,0,2,0,1,1
937,0,2,1,0,0,0,1
938,0,3,3,2,0,1,1
939,2,4,0,2,0,0,1
940,2,4,1,1,0,0,1
941,4,3,1,1,0,0,0
942,0,2,2,1,0,1,1
943,3,1,1,2,0,1,0
944,2,4,0,1,0,0,1
945,1,3,2,1,0,1,1
946,0,3,0,1,0,0,0
947,3,3,0,2,0,0,0
948,3,2,0,1,0,1,1
949,4,4,0,2,0,0,0
950,2,3,0,0,1,1,1
951,2,2,0,0,1,0,1
952,4,4,2,2,0,1,1
953,2,3,0,0,0,0,1
954,2,3,0,2,1,0,1
955,2,3,1,1,0,0,1
956,0,4,0,1,1,0,0
957,0,0,2,0,0,1,1
958,3,0,2,0,0,0,1
959,3,3,0,2,0,1,1
960,3,3,0,1,0,0,1
961,3,4,1,3,0,0,1
962,0,0,0,1,0,0,0
963,3,6,0,0,0,1,1
964,1,4,2,0,1,1,1
965,3,4,0,0,0,1,0
966,0,1,2,0,1,1,0
967,3,1,2,0,0,0,1
968,5,6,0,1,1,1,0
969,3,3,2,0,1,0,1
970,0,0,0,1,0,1,1
971,3,4,1,1,0,0,0
972,1,4,0,1,0,0,0
973,2,0,0,1,0,1,1
974,3,4,1,1,0,0,1
975,2,4,0,0,0,1,0
976,1,3,0,1,0,0,1
977,1,3,1,3,1,0,0
978,0,6,1,2,0,0,1
979,1,3,2,0,0,0,1
980,2,2,0,1,0,1,1
981,3,2,0,0,0,1,1
982,2,4,1,2,0,0,1
983,4,2,1,0,0,1,1
984,4,4,0,0,1,1,1
985,3,4,3,1,0,0,1
986,2,2,0,2,1,1,1
987,3,3,2,0,0,1,1
988,3,1,2,0,0,1,1
989,2,4,2,2,1,0,0
990,5,4,1,2,0,0,1
991,2,4,3,0,0,1,1
992,2,3,1,1,1,1,1
993,6,2,1,1,0,1,1
994,4,3,1,3,0,1,1
995,3,3,1,3,0,1,1
996,2,3,2,1,1,0,1
997,2,4,2,2,1,0,1
998,3,0,2,3,0,1,1
999,3,2,0,1,1,0,1
1000,2,3,0,2,1,0,1
1001,1,0,3,1,0,1,0
1002,5,2,2,0,0,1,1
1003,4,2,0,0,1,0,0
1004,1,4,1,0,1,0,0
1005,3,0,0,1,1,0,0
1006,4,4,1,3,0,0,1
1007,2,3,0,3,1,0,1
1008,2,3,1,2,0,1,0
1009,1,1,0,1,0,1,1
1010,2,0,1,2,0,1,1
1011,3,3,0,0,0,1,1
1012,3,3,1,1,0,1,1
1013,1,3,1,2,1,0,1
1014,2,3,2,1,0,1,1
1015,0,4,1,2,1,0,1
1016,0,1,0,0,0,1,1
1017,2,2,1,1,0,0,0
1018,4,2,0,0,0,0,0
1019,3,3,3,2,1,1,1
1020,3,3,0,0,0,0,1
1021,3,3,1,1,0,1,1
1022,6,2,0,1,1,1,1
1023,2,3,3,0,0,1,1
1024,3,2,1,2,0,1,1
1025,4,4,0,2,0,1,1
1026,1,3,0,1,1,0,1
1027,2,3,3,2,1,0,0
1028,1,3,3,1,1,1,0
1029,0,3,3,1,1,0,1
1030,4,2,0,1,0,0,1
1031,0,2,2,2,1,0,1
1032,3,2,0,0,1,0,0
1033,2,4,0,1,0,1,1
1034,4,3,1,1,0,0,0
1035,2,4,0,2,0,0,0
1036,3,3,1,0,0,0,1
1037,4,2,0,3,0,0,1
1038,3,1,0,2,0,1,0
1039,4,3,0,1,1,1,1
1040,3,0,3,3,0,1,1
1041,0,1,0,0,1,0,0
1042,4,4,1,0,0,1,1
1043,2,3,2,1,0,0,0
1044,4,3,0,1,0,1,1
1045,2,3,0,2,0,1,1
1046,1,0,1,3,0,1,1
1047,3,4,1,3,0,1,1
1048,3,2,3,0,1,1,1
1049,3,3,1,0,0,1,1
1050,1,4,1,0,0,1,1
1051,4,4,0,1,0,1,0
1052,3,1,2,0,0,1,1
1053,3,6,0,3,1,0,1
1054,2,3,1,0,1,0,1
1055,4,2,0,0,0,0,1
1056,2,3,2,3,0,0,0
1057,3,4,2,2,1,0,1
1058,4,3,3,1,0,0,1
1059,5,0,0,0,0,0,0
1060,2,0,0,1,0,0,1
1061,6,3,0,1,0,1,1
1062,3,4,0,1,0,0,1
1063,5,3,1,1,0,0,0
1064,4,1,1,0,0,0,0
1065,2,3,0,0,1,1,0
1066,1,4,1,2,1,0,1
1067,2,1,0,0,0,0,0
1068,1,4,0,2,0,1,1
1069,2,4,1,1,0,0,1
1070,3,1,1,2,0,0,1
1071,2,2,0,1,1,0,0
1072,3,2,1,1,1,1,1
1073,2,4,0,1,0,0,1
1074,3,2,0,1,0,0,1
1075,1,2,0,0,1,1,1
1076,0,0,0,2,1,1,0
1077,2,4,2,1,0,0,0
1078,1,0,2,1,0,1,0
1079,3,2,1,2,0,1,1
1080,0,0,2,1,0,1,1
1081,3,3,1,3,0,1,1
1082,3,3,1,1,0,1,1
1083,4,2,2,1,0,0,1
1084,2,3,2,0,0,0,1
1085,2,2,0,3,0,0,0
1086,3,2,1,2,0,0,1
1087,3,1,1,0,0,1,1
1088,3,0,2,1,0,1,1
1089,0,3,3,2,1,1,1
1090,2,3,0,2,0,1,1
1091,2,1,0,2,0,1,1
1092,3,3,0,2,1,0,1
1093,4,3,1,3,0,1,0
1094,0,2,1,1,1,0,0
1095,2,3,0,0,0,1,1
1096,2,1,0,2,1,1,0
1097,4,1,1,3,1,1,0
1098,2,3,2,1,1,1,0
1099,2,4,0,2,0,0,1
1100,0,3,2,2,0,1,1
1101,2,3,1,2,1,0,1
1102,3,6,0,1,1,0,1
1103,0,4,1,1,0,1,1
1104,3,1,0,2,0,1,1
1105,2,3,2,2,0,0,1
1106,3,1,3,3,0,1,0
1107,4,3,3,1,0,0,1
1108,0,2,2,0,1,0,1
1109,0,3,1,1,1,0,1
1110,3,4,3,3,1,0,0
1111,5,3,1,3,0,0,1
1112,1,1,0,3,0,0,1
1113,2,4,1,0,0,0,0
1114,3,2,0,0,0,0,1
1115,3,6,0,2,0,1,1
1116,2,4,0,1,1,1,1
1117,2,2,1,2,0,0,1
1118,1,4,0,1,0,1,1
1119,4,4,3,0,0,1,0
1120,1,3,2,0,0,0,0
1121,1,2,0,0,0,0,0
1122,3,2,2,1,0,0,1
1123,1,4,0,2,0,0,1
1124,1,5,1,0,0,1,1
1125,3,1,0,0,0,1,1
1126,1,2,0,3,0,1,1
1127,2,3,3,0,0,1,1
1128,4,4,0,1,0,1,1
1129,0,2,0,2,1,0,1
1130,2,0,0,1,0,0,1
1131,3,2,0,1,0,0,1
1132,2,2,0,1,0,1,1
1133,5,6,1,1,1,1,1
1134,3,1,2,3,1,0,1
1135,6,0,0,1,1,0,0
1136,4,3,1,2,0,1,1
1137,3,3,0,1,1,0,0
1138,3,3,2,2,1,0,0
1139,3,2,3,1,0,0,0
1140,2,2,1,2,0,0,1
1141,0,3,3,2,0,1,1
1142,2,3,1,1,1,0,1
1143,4,4,0,3,1,1,1
1144,5,0,0,1,0,0,1
1145,3,1,2,2,1,0,0
1146,4,4,2,1,1,1,0
1147,2,4,1,2,1,0,1
1148,4,3,0,0,0,1,1
1149,4,4,0,1,1,0,1
1150,2,0,0,0,0,1,1
1151,3,1,1,1,1,0,1
1152,1,3,0,0,1,1,1
1153,1,4,1,1,0,1,1
1154,4,0,1,1,1,1,1
1155,0,3,0,1,0,0,1
1156,1,4,1,2,0,0,1
1157,3,3,2,1,0,1,1
1158,2,2,0,0,1,0,1
1159,2,1,2,2,0,1,0
1160,3,2,2,3,1,0,1
1161,2,3,1,3,0,1,1
1162,2,3,3,1,0,0,1
1163,1,3,1,1,1,0,0
1164,3,3,2,0,0,1,1
1165,0,5,3,0,0,1,0
1166,3,4,1,2,0,0,1
1167,4,5,0,0,0,0,1
1168,2,1,0,1,0,0,1
1169,2,3,3,2,0,1,1
1170,0,3,0,1,0,1,0
1171,0,4,2,0,0,1,1
1172,1,5,2,2,0,0,1
1173,1,3,3,1,1,1,1
1174,2,3,0,1,0,1,1
1175,2,2,3,0,0,0,1
1176,5,5,0,3,0,1,1
1177,4,3,1,1,0,0,1
1178,3,3,0,1,1,0,1
1179,1,3,0,1,0,1,1
1180,3,4,0,1,1,1,1
1181,2,4,0,0,0,0,1
1182,2,3,1,1,0,0,0
1183,3,0,0,2,0,0,1
1184,3,4,0,3,0,0,1
1185,3,4,2,1,0,1,1
1186,3,2,3,0,0,1,0
1187,2,3,0,1,0,0,1
1188,2,3,0,0,0,1,1
1189,3,4,1,3,0,0,1
1190,3,6,2,2,0,1,1
1191,3,5,2,1,0,0,1
1192,2,0,1,0,1,1,0
1193,1,4,3,2,0,1,1
1194,2,1,0,1,0,0,0
1195,1,2,2,1,1,0,1
1196,3,0,0,1,0,0,1
1197,3,2,1,0,0,0,0
1198,1,3,2,1,0,1,0
1199,2,1,1,0,1,0,1
1200,3,3,1,0,0,1,1
1201,4,4,2,3,1,1,1
1202,3,1,1,0,0,1,1
1203,1,1,2,1,0,0,0
1204,4,3,3,0,0,0,1
1205,0,3,1,2,0,1,1
1206,2,3,2,0,0,0,1
1207,5,0,2,1,1,0,1
1208,4,3,1,0,0,0,0
1209,1,3,2,0,0,0,1
1210,3,3,0,1,0,1,0
1211,4,0,3,0,0,1,1
1212,5,4,1,3,0,0,0
1213,1,4,1,1,0,0,1
1214,4,2,0,1,0,0,1
1215,3,3,1,2,1,1,1
1216,2,1,2,0,1,1,1
1217,0,0,0,1,1,0,1
1218,3,3,3,3,0,1,0
1219,3,0,1,1,1,0,0
1220,2,2,2,2,0,0,1
1221,3,1,2,1,0,1,1
1222,1,3,0,0,0,1,1
1223,3,4,0,1,0,1,1
1224,4,3,1,1,0,0,1
1225,4,3,0,1,0,1,1
1226,2,3,3,2,0,0,0
1227,3,1,1,2,0,1,1
1228,2,5,0,0,0,0,1
1229,3,5,0,3,1,1,1
1230,4,6,0,1,1,1,0
1231,3,3,1,1,0,0,0
1232,4,3,0,1,1,1,0
1233,4,2,0,0,0,0,1
1234,3,4,2,1,0,1,0
1235,5,2,0,3,1,0,0
1236,6,3,2,2,0,0,1
1237,5,0,2,1,0,0,1
1238,2,4,0,2,0,0,1
1239,2,4,1,0,0,1,1
1240,0,4,2,1,1,1,0
1241,2,0,1,3,1,0,1
1242,2,3,2,0,0,1,1
1243,3,3,2,0,0,0,1
1244,6,3,0,2,1,1,0
1245,0,4,2,0,0,1,0
1246,2,3,0,2,0,1,1
1247,3,2,0,0,0,1,1
1248,2,3,2,1,0,0,1
1249,1,3,1,0,0,1,1
1250,2,4,0,2,1,0,0
1251,4,3,0,3,0,0,1
1252,2,6,3,0,0,1,1
1253,2,5,0,2,0,0,1
1254,2,3,0,0,0,0,1
1255,3,0,1,3,0,0,0
1256,1,0,1,1,0,0,0
1257,0,4,2,2,0,1,0
1258,3,0,0,1,1,0,1
1259,2,3,0,2,0,1,1
1260,3,1,1,1,1,1,0
1261,3,2,0,0,1,1,1
1262,2,1,1,2,0,1,1
1263,2,3,1,1,0,0,1
1264,6,4,0,0,0,1,1
1265,2,1,1,1,1,1,1
1266,2,1,0,1,0,1,1
1267,1,2,1,0,0,1,1
1268,2,3,0,0,0,0,1
1269,3,3,0,0,1,1,1
1270,2,4,0,3,0,0,1
1271,0,1,0,0,0,1,1
1272,4,2,1,0,1,1,0
1273,5,3,3,1,1,1,0
1274,3,5,3,0,0,1,1
1275,3,4,2,0,1,0,1
1276,2,4,1,1,0,0,1
1277,4,6,0,0,0,1,1
1278,3,4,3,1,1,0,1
1279,3,5,1,1,0,1,1
1280,1,0,0,0,0,0,1
1281,3,3,0,0,1,1,0
1282,2,3,2,0,0,1,0
1283,4,4,0,3,1,0,1
1284,2,3,3,1,0,1,1
1285,4,3,1,1,0,1,1
1286,2,3,0,3,1,0,1
1287,4,4,1,1,1,1,1
1288,3,3,0,0,0,0,1
1289,2,2,0,1,0,1,1
1290,3,2,0,1,1,1,1
1291,2,0,1,3,1,1,1
1292,2,1,0,3,0,0,0
1293,0,3,0,2,0,0,1
1294,3,3,1,1,0,1,1
1295,0,4,3,2,0,0,1
1296,1,6,0,2,0,1,1
1297,4,3,3,0,0,1,1
1298,3,4,0,0,1,0,0
1299,2,4,0,0,0,1,1
1300,3,3,0,1,1,1,0
1301,1,4,2,2,0,1,1
1302,0,4,0,0,0,1,0
1303,3,3,1,3,0,0,1
1304,2,2,0,0,0,1,1
1305,4,1,1,2,0,1,0
1306,2,4,0,0,0,0,1
1307,2,1,0,0,0,1,1
1308,0,1,2,3,0,1,0
1309,4,4,1,2,1,1,1
1310,2,0,1,1,0,1,0
1311,3,2,2,0,0,0,0
1312,4,1,3,1,0,1,1
1313,2,3,0,2,0,1,1
1314,4,4,0,1,0,1,0
1315,2,3,1,0,0,1,1
1316,4,2,2,1,0,0,1
1317,3,4,2,0,0,1,1
1318,4,3,2,2,0,0,1
1319,3,4,0,1,1,0,1
1320,6,2,0,0,1,0,1
1321,2,1,1,1,1,0,0
1322,1,0,0,1,1,0,0
1323,4,2,2,1,1,1,0
1324,2,2,2,1,0,0,1
1325,0,0,2,2,0,0,1
1326,4,3,3,1,0,0,1
1327,2,3,1,1,0,0,0
1328,3,3,3,3,0,1,1
1329,2,2,1,3,1,0,1
1330,2,4,0,2,1,1,1
1331,2,2,0,2,0,0,0
1332,2,3,0,1,0,1,1
1333,3,5,0,0,0,1,0
1334,2,3,0,1,1,0,1
1335,0,3,3,3,0,1,1
1336,3,3,2,3,1,1,0
1337,2,4,1,1,0,0,1
1338,5,0,1,0,0,0,1
1339,3,3,1,1,0,0,1
1340,3,1,2,1,0,1,1
1341,4,3,0,2,1,1,0
1342,1,3,2,1,0,0,0
1343,4,4,0,0,1,1,1
1344,3,1,0,0,0,0,0
1345,3,4,0,1,0,0,0
1346,4,4,0,2,1,1,1
1347,0,2,2,0,1,1,1
1348,3,3,0,0,0,1,1
1349,1,3,1,1,0,0,1
1350,2,3,2,3,0,0,1
1351,2,4,0,0,1,1,1
1352,2,5,1,1,0,1,1
1353,2,4,0,0,0,1,1
1354,3,2,1,0,1,1,1
1355,0,5,2,1,1,0,1
1356,2,1,1,0,0,1,1
1357,3,3,1,2,0,0,1
1358,3,4,1,1,0,0,1
1359,2,2,2,2,0,0,1
1360,3,0,1,0,1,1,1
1361,3,2,2,1,1,0,1
1362,3,3,0,0,1,1,1
1363,2,3,0,3,0,1,1
1364,4,4,2,3,1,0,1
1365,2,2,2,1,0,1,1
1366,1,1,0,1,0,1,1
1367,2,1,2,1,0,0,1
1368,0,3,1,0,1,0,1
1369,4,2,1,3,0,1,1
1370,4,4,2,1,0,1,1
1371,2,3,0,1,0,1,1
1372,6,3,1,3,0,0,0
1373,4,0,1,0,0,0,1
1374,3,2,0,1,1,1,0
1375,3,0,0,2,0,1,0
1376,4,3,2,2,1,1,1
1377,2,2,1,0,1,0,1
1378,2,3,3,2,0,0,1
1379,3,3,2,1,0,0,1
1380,2,1,0,3,0,0,1
1381,2,4,1,1,0,1,1
1382,3,3,1,3,0,0,1
1383,4,3,0,3,0,1,1
1384,4,4,1,2,0,1,1
1385,2,2,1,0,0,1,1
1386,3,3,2,2,0,0,1
1387,0,3,0,1,0,1,0
1388,2,4,2,0,1,1,1
1389,4,0,1,2,1,0,1
1390,2,3,0,0,0,0,1
1391,1,5,0,2,0,1,1
1392,3,4,0,1,0,0,1
1393,2,4,3,0,0,0,1
1394,0,3,2,0,0,0,1
1395,3,3,1,1,1,1,1
1396,3,1,3,0,0,1,1
1397,2,3,3,1,0,1,1
1398,2,3,1,1,0,0,1
1399,4,3,2,1,1,1,1
1400,3,3,1,0,0,0,1
1401,3,3,1,2,0,0,1
1402,3,3,1,0,0,0,1
1403,2,3,0,1,1,1,1
1404,2,0,0,2,0,0,1
1405,6,4,3,1,0,0,0
1406,2,3,0,1,1,0,1
1407,3,3,2,0,0,0,1
1408,2,4,1,1,0,0,1
1409,5,2,0,3,1,0,0
1410,1,2,3,2,1,0,0
1411,4,3,0,2,0,1,1
1412,3,5,2,0,0,0,0
1413,0,2,3,1,1,1,1
1414,2,3,0,2,0,1,1
1415,3,3,0,3,0,0,1
1416,4,3,1,1,0,0,1
1417,3,3,3,1,0,1,0
1418,4,2,0,2,0,0,0
1419,0,1,0,0,1,0,1
1420,5,2,3,3,0,0,1
1421,3,5,0,1,0,0,1
1422,3,1,2,1,0,0,1
1423,1,2,0,0,1,1,0
1424,6,3,3,1,0,0,0
1425,3,1,1,0,0,0,0
1426,2,0,0,2,0,1,0
1427,0,3,1,1,1,0,1
1428,2,3,2,1,0,1,0
1429,1,3,0,0,0,1,1
1430,3,1,1,2,0,0,1
1431,1,3,0,1,0,1,1
1432,3,2,2,1,1,1,1
1433,2,4,1,2,1,0,0
1434,1,4,0,2,0,1,1
1435,3,3,0,0,0,1,0
1436,4,4,3,0,1,1,1
1437,0,3,2,2,0,0,1
1438,4,2,0,3,0,0,1
1439,3,4,1,0,0,0,1
1440,3,3,1,1,0,0,1
1441,4,2,0,2,1,0,1
1442,4,3,1,2,0,0,1
1443,4,1,1,0,1,1,1
1444,1,2,0,2,1,1,0
1445,1,1,3,2,1,0,1
1446,1,3,0,2,0,1,1
1447,2,1,1,1,1,1,1
1448,1,5,1,1,0,0,1
1449,3,3,1,1,0,0,0
1450,4,5,1,1,0,1,1
1451,2,3,1,1,0,0,1
1452,2,2,3,1,1,1,1
1453,4,0,2,2,0,0,1
1454,1,4,0,0,1,0,1
1455,3,0,1,1,1,0,1
1456,2,1,2,2,0,1,1
1457,0,0,1,0,0,0,1
1458,3,3,0,0,0,1,0
1459,0,2,1,2,1,0,1
1460,0,2,3,2,0,1,1
1461,2,3,1,2,0,0,1
1462,1,3,0,0,0,1,1
1463,2,1,1,0,0,0,0
1464,2,4,0,2,0,0,1
1465,5,0,1,0,0,1,1
1466,0,3,2,0,0,0,0
1467,4,0,0,0,0,0,1
1468,3,1,2,1,0,0,1
1469,3,4,1,1,0,0,1
1470,2,6,3,1,1,1,1
1471,1,0,2,0,0,1,1
1472,2,1,3,1,0,0,1
1473,4,3,0,3,0,1,1
1474,2,3,1,2,0,1,1
1475,2,4,0,1,0,1,1
1476,1,0,0,0,0,0,1
1477,0,1,0,2,0,0,1
1478,3,0,1,2,0,1,0
1479,3,3,0,1,0,0,0
1480,2,3,0,3,1,0,1
1481,1,4,1,0,0,1,1
1482,3,0,2,0,0,0,1
1483,3,2,1,0,0,0,1
1484,4,1,0,1,0,0,1
1485,4,4,1,1,0,0,1
1486,3,3,0,1,1,1,1
1487,0,0,1,3,1,1,1
1488,2,3,2,0,1,1,1
1489,2,3,2,2,1,0,0
1490,3,3,0,0,0,1,1
1491,2,1,1,2,1,1,1
1492,1,4,1,1,1,1,0
1493,2,4,0,0,0,0,0
1494,2,4,0,2,0,0,1
1495,3,3,1,0,1,0,1
1496,1,4,1,1,0,1,1
1497,3,4,2,1,0,1,1
1498,2,4,1,1,1,0,1
1499,6,3,1,3,0,0,0
1500,3,6,0,1,0,0,0
1501,2,6,2,2,0,0,1
1502,3,3,2,0,0,0,1
1503,0,1,1,1,0,1,1
1504,3,3,3,0,0,1,1
1505,4,4,3,1,0,0,0
1506,2,4,0,0,1,1,1
1507,3,2,1,0,1,0,0
1508,4,4,2,3,0,0,0
1509,3,4,0,0,0,0,1
1510,1,4,0,0,1,0,0
1511,3,3,0,0,1,0,0
1512,1,3,0,2,0,0,0
1513,3,5,1,1,1,0,1
1514,2,2,0,1,0,0,1
1515,5,1,2,0,0,1,1
1516,5,3,1,1,0,1,0
1517,0,3,1,1,0,1,1
1518,0,2,1,0,0,1,1
1519,1,3,3,0,0,0,1
1520,1,4,0,0,0,0,1
1521,4,1,1,2,0,1,1
1522,0,2,1,3,0,1,0
1523,2,1,0,0,1,1,1
1524,2,3,2,0,0,0,1
1525,4,2,0,1,1,1,1
1526,2,0,2,3,1,0,1
1527,2,3,0,1,0,0,1
1528,3,3,3,1,1,0,1
1529,1,0,0,2,0,0,0
1530,3,4,1,2,0,0,1
1531,1,1,0,1,0,1,0
1532,0,3,1,1,0,1,0
1533,2,1,1,2,0,1,1
1534,3,4,1,1,0,1,1
1535,1,2,2,2,0,0,0
1536,0,3,1,1,0,0,1
1537,3,4,1,1,1,0,1
1538,2,4,2,1,0,0,0
1539,2,4,2,0,1,1,1
1540,2,3,0,1,0,0,1
1541,2,4,3,0,0,1,1
1542,2,3,0,1,1,1,1
1543,2,0,2,2,1,0,0
1544,2,0,1,1,0,0,1
1545,2,5,0,0,1,1,1
1546,3,0,0,0,1,0,1
1547,1,0,2,1,1,1,1
1548,2,3,1,2,1,1,0
1549,2,3,1,2,0,0,1
1550,4,4,0,3,0,0,1
1551,2,0,3,3,0,1,1
1552,3,4,1,1,1,1,1
1553,3,3,0,2,1,0,1
1554,3,4,2,2,0,1,1
1555,3,2,0,1,1,0,0
1556,2,2,1,1,0,0,1
1557,2,5,3,3,1,0,0
1558,4,3,0,2,0,1,0
1559,4,4,1,0,1,1,1
1560,1,4,0,1,0,0,1
1561,4,1,1,0,1,0,1
1562,2,1,0,0,0,0,0
1563,4,0,1,0,1,0,1
1564,3,1,0,2,0,0,0
1565,0,4,2,1,1,0,1
1566,3,4,3,1,0,1,1
1567,3,4,0,0,0,1,1
1568,2,4,2,1,1,1,0
1569,0,3,0,1,0,0,1
1570,2,2,3,1,0,0,1
1571,3,3,1,1,1,0,1
1572,2,2,1,0,1,0,1
1573,2,4,0,0,0,0,0
1574,2,1,3,0,0,1,1
1575,1,3,1,2,0,0,1
1576,3,2,1,1,1,0,1
1577,2,4,1,0,1,0,1
1578,2,4,0,3,1,0,1
1579,4,3,1,1,1,0,1
1580,6,0,2,1,0,0,0
1581,2,4,1,0,1,0,1
1582,4,4,0,0,0,1,1
1583,3,4,2,1,0,1,0
1584,3,3,0,0,0,1,1
1585,1,0,2,2,0,0,1
1586,3,3,0,2,0,1,1
1587,2,4,1,1,0,1,1
1588,3,2,2,0,1,0,0
1589,2,1,1,0,0,0,1
1590,0,0,3,3,1,1,1
1591,3,3,3,0,0,1,1
1592,3,3,1,0,1,0,0
1593,1,3,0,1,0,1,0
1594,1,4,2,2,0,1,0
1595,2,0,0,0,0,1,1
1596,2,3,2,3,0,0,1
1597,2,3,3,2,0,0,1
1598,3,3,1,1,0,0,1
1599,2,2,0,3,0,1,1
1600,2,6,2,0,1,1,1
1601,4,4,1,0,0,1,1
1602,2,2,2,3,0,1,0
1603,3,2,0,2,1,0,0
1604,3,5,0,3,1,0,1
1605,4,3,2,1,0,0,1
1606,0,4,1,1,1,1,0
1607,3,0,0,1,0,1,1
1608,2,3,0,1,0,0,1
1609,3,3,0,0,0,0,0
1610,1,2,2,0,0,1,0
1611,4,3,1,2,1,1,0
1612,2,4,0,1,0,0,1
1613,1,1,0,2,0,0,1
1614,3,2,0,1,0,1,0
1615,4,0,0,0,0,1,1
1616,4,0,1,0,0,0,1
1617,2,4,3,1,0,1,1
1618,0,1,0,1,1,0,1
1619,2,4,0,1,0,1,0
1620,3,4,1,0,0,0,1
1621,1,4,3,1,1,0,1
1622,3,3,1,1,1,0,1
1623,2,2,0,0,0,1,0
1624,4,3,0,3,0,1,1
1625,4,4,0,1,0,0,1
1626,2,3,0,1,0,0,1
1627,2,2,1,1,0,0,1
1628,3,0,0,1,1,1,1
1629,2,0,2,2,0,0,0
1630,1,2,0,1,1,1,1
1631,3,4,2,3,1,0,0
1632,0,4,1,0,0,0,1
1633,2,2,0,1,0,0,1
1634,4,3,1,2,0,1,1
1635,3,3,0,0,0,0,1
1636,2,5,0,1,1,0,0
1637,4,1,0,1,0,1,1
1638,4,2,1,1,1,1,1
1639,4,3,2,2,1,0,1
1640,2,4,2,1,0,0,1
1641,2,3,0,0,0,0,1
1642,3,3,0,1,0,1,0
1643,4,3,0,1,0,1,1
1644,3,3,2,0,0,0,1
1645,3,3,2,2,0,1,1
1646,3,4,1,2,1,0,1
1647,3,4,3,1,0,1,0
1648,2,3,3,1,0,0,1
1649,4,3,2,0,0,1,1
1650,2,2,0,3,0,1,1
1651,4,3,0,1,0,0,1
1652,3,1,2,2,0,0,1
1653,4,1,0,2,0,1,1
1654,3,1,1,0,0,1,1
1655,3,3,0,1,0,0,0
1656,3,2,0,0,0,0,1
1657,6,2,2,0,1,0,0
1658,2,4,0,0,1,1,1
1659,2,3,2,1,0,1,1
1660,0,4,0,0,0,0,0
1661,4,3,1,1,0,1,0
1662,3,3,1,3,1,0,0
1663,1,3,0,0,0,1,1
1664,3,2,1,1,1,0,0
1665,3,1,3,1,0,1,1
1666,3,2,0,1,1,0,1
1667,3,4,1,2,0,0,0
1668,3,2,3,3,1,0,1
1669,1,2,0,0,1,0,0
1670,3,1,3,0,1,0,0
1671,2,4,0,1,0,1,0
1672,3,3,2,1,1,0,1
1673,3,4,1,1,0,1,1
1674,3,2,2,0,0,0,1
1675,5,2,1,0,0,0,1
1676,2,4,1,1,0,1,1
1677,3,0,1,2,1,0,1
1678,2,0,1,1,0,1,1
1679,2,3,1,0,1,0,0
1680,2,1,1,1,1,0,1
1681,4,1,0,0,1,0,1
1682,0,3,1,1,0,0,0
1683,4,4,0,0,0,0,1
1684,6,2,0,1,1,0,0
1685,0,3,2,1,0,1,1
1686,0,2,0,0,1,0,1
1687,3,3,0,3,0,1,1
1688,3,2,1,0,0,1,0
1689,0,6,1,1,1,0,0
1690,2,3,3,1,1,0,1
1691,3,2,1,1,0,0,0
1692,1,0,1,1,1,1,1
1693,0,3,1,3,1,1,1
1694,5,3,1,1,0,1,1
1695,2,2,0,2,0,1,1
1696,3,3,3,0,0,0,1
1697,3,3,0,3,0,1,1
1698,3,1,2,0,0,0,1
1699,2,2,0,1,0,0,1
1700,2,3,0,0,0,1,0
1701,2,4,0,3,0,1,0
1702,0,4,2,1,0,1,1
1703,3,1,1,1,0,0,0
1704,3,2,0,1,0,0,0
1705,3,0,3,1,0,1,1
1706,2,3,0,1,0,0,1
1707,4,1,1,1,1,1,1
1708,3,3,0,2,0,0,1
1709,0,4,0,0,0,0,0
1710,3,3,0,0,0,0,1
1711,2,3,0,1,0,1,1
1712,4,2,1,1,0,0,1
1713,2,2,1,1,0,0,1
1714,3,0,2,2,0,0,1
1715,1,0,1,1,0,0,1
1716,2,5,0,1,1,0,0
1717,1,1,0,1,0,1,1
1718,1,4,0,0,1,0,1
1719,3,2,1,2,0,0,0
1720,2,2,3,3,0,1,1
1721,1,4,0,2,0,1,1
1722,4,1,2,2,0,1,0
1723,2,4,3,1,0,1,1
1724,3,3,0,1,0,1,1
1725,1,2,0,0,0,0,1
1726,2,4,0,1,1,1,1
1727,3,2,1,0,0,0,1
1728,3,0,1,1,0,1,1
1729,1,2,2,0,1,0,1
1730,4,3,0,1,0,1,0
1731,2,3,0,2,0,0,1
1732,0,2,0,1,0,1,0
1733,0,4,0,0,0,0,1
1734,3,1,2,0,1,1,0
1735,5,4,0,2,0,1,1
1736,1,3,2,2,0,1,1
1737,2,0,1,2,0,0,1
1738,6,2,2,2,0,0,1
1739,3,3,1,0,0,0,1
1740,4,4,0,1,0,1,0
1741,2,2,1,1,0,0,1
1742,2,0,1,1,0,0,1
1743,2,3,2,1,1,0,1
1744,3,4,1,2,0,0,0
1745,1,4,2,1,0,1,1
1746,2,2,2,3,0,0,1
1747,3,1,0,1,0,0,1
1748,3,2,1,1,0,0,1
1749,0,3,1,2,1,0,0
1750,0,5,1,1,0,1,1
1751,2,4,0,2,0,0,1
1752,4,2,2,0,1,0,1
1753,2,4,2,1,0,0,0
1754,3,1,0,1,0,0,1
1755,1,4,0,0,0,0,1
1756,3,2,0,0,1,0,0
1757,3,4,0,2,1,1,0
1758,4,2,1,1,0,1,1
1759,2,3,1,0,0,0,1
1760,4,2,1,0,1,1,0
1761,2,1,1,1,0,0,1
1762,4,3,1,3,0,1,1
1763,3,3,0,0,0,0,1
1764,3,3,2,0,0,0,1
1765,0,1,0,0,1,0,0
1766,0,0,0,2,0,0,0
1767,3,4,1,1,0,0,0
1768,4,4,0,1,0,0,1
1769,3,3,1,2,0,0,1
1770,0,3,0,1,0,1,1
1771,3,1,0,3,1,0,1
1772,3,2,1,3,0,0,0
1773,0,2,0,0,0,0,1
1774,3,3,3,2,0,1,1
1775,6,4,1,1,1,1,0
1776,3,3,0,1,0,1,0
1777,2,3,0,1,0,0,0
1778,3,3,0,0,0,0,1
1779,0,4,0,0,0,1,1
1780,3,2,2,0,0,1,1
1781,3,0,1,2,0,0,1
1782,3,6,2,0,0,0,1
1783,4,3,0,1,1,1,0
1784,0,1,0,1,0,1,1
1785,4,4,1,2,0,0,1
1786,1,4,0,1,0,1,1
1787,3,3,0,1,0,1,0
1788,1,2,0,0,0,1,1
1789,3,3,0,0,1,1,1
1790,4,2,0,0,0,1,1
1791,4,3,1,1,1,0,1
1792,1,1,2,1,0,0,0
1793,2,2,1,1,1,1,1
1794,3,4,1,1,0,1,1
1795,2,2,0,1,1,0,1
1796,3,4,1,2,0,0,1
1797,2,1,0,2,0,0,0
1798,2,3,0,1,0,0,1
1799,0,2,3,1,0,1,1
1800,2,6,1,0,0,0,0
1801,2,3,3,2,0,1,1
1802,1,3,1,3,1,0,1
1803,4,4,3,1,0,0,0
1804,2,1,1,1,0,0,0
1805,4,0,0,1,1,1,0
1806,2,4,1,2,0,0,1
1807,3,3,1,1,0,1,1
1808,4,1,1,2,0,0,1
1809,2,3,1,1,0,0,1
1810,2,4,0,1,1,0,1
1811,4,3,1,1,1,1,1
1812,5,3,0,0,1,0,1
1813,4,3,1,0,0,0,0
1814,3,3,0,1,0,0,0
1815,2,2,0,2,0,0,0
1816,2,2,0,1,0,0,0
1817,4,0,1,0,0,0,1
1818,3,3,3,1,0,0,0
1819,4,4,2,2,0,0,1
1820,4,2,1,0,1,0,1
1821,2,2,2,3,0,1,1
1822,2,3,0,1,0,0,1
1823,2,2,2,0,1,1,1
1824,0,3,1,1,0,0,1
1825,4,3,0,1,0,1,0
1826,3,5,1,0,0,0,0
1827,2,3,0,1,0,0,1
1828,2,3,3,2,0,1,1
1829,0,1,3,1,0,1,0
1830,1,3,0,0,0,0,1
1831,5,4,0,0,1,0,0
1832,1,3,2,1,1,1,1
1833,3,3,0,1,0,0,0
1834,4,3,3,1,0,0,1
1835,2,3,0,0,0,0,1
1836,2,4,0,0,0,0,1
1837,4,3,1,0,1,0,0
1838,3,5,0,3,1,1,1
1839,2,3,1,2,1,0,1
1840,4,4,1,2,0,0,0
1841,0,0,2,0,0,1,1
1842,3,2,0,2,1,1,1
1843,1,5,2,1,0,0,1
1844,0,2,2,1,1,1,1
1845,3,2,2,2,0,0,1
1846,2,2,3,3,1,1,1
1847,2,4,0,1,1,1,0
1848,3,4,3,3,0,0,0
1849,4,3,1,0,0,0,1
1850,2,4,0,0,1,0,1
1851,4,2,2,1,1,0,1
1852,3,2,0,0,0,0,1
1853,3,4,3,0,0,1,1
1854,5,2,1,2,1,0,1
1855,2,5,1,1,0,0,0
1856,2,3,1,3,1,1,0
1857,3,2,0,0,1,0,1
1858,2,4,0,0,0,1,1
1859,0,2,0,3,0,0,1
1860,3,2,1,1,0,1,0
1861,2,1,0,0,0,1,1
1862,2,2,1,0,0,1,1
1863,2,3,2,2,0,0,0
1864,4,2,1,2,0,1,1
1865,1,1,3,0,1,1,0
1866,2,3,2,1,0,0,1
1867,2,3,1,0,0,1,1
1868,3,3,0,0,1,0,1
1869,4,3,0,1,1,1,1
1870,3,2,3,0,1,0,1
1871,0,0,2,0,0,0,1
1872,2,3,0,3,1,1,1
1873,2,3,2,1,0,0,1
1874,4,4,3,1,0,0,1
1875,3,2,2,0,0,1,1
1876,2,1,0,0,0,0,1
1877,2,3,2,2,1,1,1
1878,0,2,0,1,0,1,1
1879,4,0,0,1,1,0,0
1880,2,2,2,3,1,1,1
1881,0,2,0,0,0,0,1
1882,3,0,0,2,1,0,1
1883,2,0,2,1,0,1,0
1884,2,2,0,1,0,0,0
1885,2,4,0,3,1,0,0
1886,3,2,0,0,0,0,1
1887,3,0,0,0,0,0,0
1888,1,3,0,1,0,0,1
1889,2,4,1,2,0,0,1
1890,4,2,2,0,1,1,1
1891,3,3,1,1,0,1,1
1892,1,2,1,0,0,0,1
1893,2,3,2,2,0,0,1
1894,3,0,0,1,0,0,1
1895,2,2,0,0,0,1,1
1896,3,3,3,0,1,0,1
1897,2,2,1,0,0,1,1
1898,4,3,0,1,0,0,1
1899,2,3,2,3,1,0,1
1900,3,5,1,2,0,0,1
1901,4,2,0,0,0,0,1
1902,2,6,3,1,1,1,1
1903,3,2,1,2,0,1,0
1904,2,2,3,3,1,1,0
1905,2,3,0,1,0,1,1
1906,5,3,1,2,0,1,0
1907,3,0,1,0,0,1,1
1908,5,3,1,1,0,1,1
1909,5,3,2,0,0,1,1
1910,2,0,0,0,1,1,1
1911,2,3,1,2,1,0,1
1912,1,3,0,2,0,1,1
1913,0,2,2,2,1,0,1
1914,1,3,0,0,0,0,1
1915,2,4,0,1,0,0,0
1916,3,0,0,1,0,0,1
1917,2,3,0,0,0,0,1
1918,2,1,0,0,0,0,1
1919,4,4,1,2,0,0,1
1920,4,4,3,0,0,0,0
1921,2,1,0,0,0,1,1
1922,2,3,2,1,1,0,0
1923,2,1,0,2,0,1,1
1924,4,1,0,3,0,0,1
1925,0,1,1,3,0,1,1
1926,3,2,0,2,0,0,1
1927,2,5,3,0,0,0,1
1928,2,2,1,0,0,0,0
1929,3,3,0,0,0,1,1
1930,4,3,0,1,1,1,0
1931,6,4,0,1,0,0,1
1932,2,1,0,1,0,1,1
1933,6,2,1,1,0,0,1
1934,3,5,0,1,0,0,1
1935,4,2,3,1,0,1,0
1936,2,3,1,2,0,0,1
1937,4,4,3,0,0,0,0
1938,3,3,0,0,1,1,0
1939,3,1,0,0,1,0,0
1940,1,4,0,1,1,0,1
1941,4,4,1,1,0,0,1
1942,4,3,0,1,0,0,1
1943,3,0,0,3,0,1,0
1944,4,4,3,2,0,0,1
1945,4,4,0,0,0,1,1
1946,2,4,1,0,0,0,0
1947,3,2,2,0,0,0,1
1948,2,2,0,1,0,1,0
1949,3,1,3,2,1,1,1
1950,8,0,0,2,1,1,1
1951,10,0,4,2,1,1,1
1952,4,4,2,0,1,1,1
1953,12,0,2,6,1,0,1
1954,6,0,0,2,0,1,0
1955,10,4,0,0,0,0,1
1956,12,4,2,6,0,1,1
1957,10,2,4,2,0,1,1
1958,6,12,4,2,0,1,0
1959,12,6,4,2,1,1,0
1960,12,6,2,0,0,1,1
1961,10,4,2,4,0,1,1
1962,12,4,0,2,0,1,1
1963,10,4,0,2,0,0,1
1964,6,12,2,0,1,1,0
1965,8,4,0,0,0,0,1
1966,10,4,2,2,1,1,1
1967,8,4,2,0,1,0,0
1968,2,6,4,2,0,1,1
1969,2,0,0,4,1,1,1
1970,10,0,4,6,0,0,1
1971,10,8,2,2,0,1,1
1972,10,4,2,0,0,1,1
1973,12,12,2,2,0,1,1
1974,4,2,2,0,1,1,1
1975,4,8,0,2,1,1,1
1976,10,4,4,0,1,1,1
1977,10,6,2,2,1,1,1
1978,12,4,2,6,1,1,1
1979,6,0,4,6,1,0,1
1980,10,0,0,2,1,1,1
1981,10,4,6,0,0,1,1
1982,0,4,4,4,1,1,1
1983,12,8,0,0,0,1,1
1984,10,4,0,6,0,1,1
1985,10,4,0,0,0,1,0
1986,4,0,4,0,0,1,1
1987,12,4,4,6,1,1,1
1988,4,2,0,2,1,1,1
1989,0,8,6,4,1,1,1
1990,6,0,4,0,1,1,1
1991,6,6,2,0,0,0,1
1992,10,6,0,4,0,0,1
1993,10,4,0,2,0,1,1
1994,8,8,0,0,0,1,0
1995,4,0,4,0,0,1,1
1996,0,6,2,4,0,1,0
1997,12,4,0,0,0,0,1
1998,4,4,6,2,1,0,1
1999,6,6,0,0,1,1,1
2000,8,2,2,4,1,1,1
2001,10,4,0,0,1,0,1
2002,10,6,0,0,0,0,1
2003,10,4,2,0,1,0,1
2004,8,6,2,4,1,0,1
2005,6,6,6,4,1,0,1
2006,12,4,0,6,0,1,1
2007,12,0,2,4,1,1,1
2008,4,4,0,4,0,0,1
2009,4,4,0,2,0,1,1
2010,6,6,4,2,0,1,1
2011,10,6,0,0,0,0,1
2012,6,4,4,2,0,1,1
2013,6,4,0,4,0,1,1
2014,8,4,2,2,1,0,1
2015,12,4,6,2,1,0,1
2016,4,4,4,0,0,0,1
2017,6,4,0,0,1,1,1
2018,10,2,0,2,1,0,0
2019,8,4,4,4,1,1,1
2020,8,4,0,2,1,0,1
2021,2,4,2,2,1,1,1
2022,8,6,4,0,0,1,1
2023,4,6,0,2,1,1,1
2024,8,0,2,2,1,0,1
2025,6,12,2,2,1,1,1
2026,8,4,0,2,0,0,1
2027,8,6,4,0,1,1,1
2028,12,4,2,4,0,1,1
2029,12,4,4,2,1,1,1
2030,6,4,0,2,0,0,1
2031,10,0,0,2,0,1,1
2032,4,4,6,0,0,1,1
2033,10,4,6,0,1,1,0
2034,12,0,0,2,0,1,1
2035,10,0,4,2,0,1,1
2036,10,8,0,2,1,1,0
2037,10,2,0,6,0,1,1
2038,6,6,2,0,0,1,1
2039,10,4,0,6,0,1,1
2040,12,12,0,4,1,0,1
2041,10,0,0,2,0,0,1
2042,10,6,4,2,1,1,1
2043,10,0,0,2,0,1,1
2044,10,6,0,6,1,0,1
2045,6,4,0,2,1,1,1
2046,6,4,0,0,1,1,1
2047,4,2,2,0,0,1,1
2048,10,0,2,6,0,1,1
2049,6,2,0,4,0,1,1
2050,10,10,2,4,1,1,1
2051,12,4,2,2,0,1,1
2052,6,6,2,0,1,1,1
2053,4,0,2,2,0,1,1
2054,10,6,0,2,1,1,1
2055,6,6,0,2,0,1,1
2056,4,8,6,2,1,1,1
2057,0,4,2,6,1,1,1
2058,10,0,0,0,0,1,1
2059,12,8,0,2,0,1,1
2060,10,0,2,0,1,1,1
2061,12,4,2,6,1,1,1
2062,4,4,2,2,0,1,1
2063,8,0,2,2,1,1,1
2064,8,2,6,0,0,1,1
2065,8,10,0,0,0,1,1
2066,6,4,0,0,0,0,1
2067,12,12,2,0,1,1,1
2068,8,4,2,0,1,0,1
2069,6,0,4,4,1,1,1
2070,10,4,2,4,1,0,1
2071,10,4,4,0,0,0,1
2072,12,6,2,6,1,0,1
2073,12,6,4,2,0,1,1
2074,10,0,2,0,1,0,1
2075,0,4,6,2,1,1,1
2076,10,4,2,0,0,1,0
2077,10,4,4,0,1,1,1
2078,10,0,6,4,1,1,1
2079,10,4,2,0,1,1,1
2080,6,0,4,2,0,0,1
2081,12,0,0,4,0,0,1
2082,10,4,2,2,1,1,1
2083,6,4,0,0,1,0,1
2084,8,8,2,0,1,0,0
2085,8,10,2,4,1,1,1
2086,6,0,6,0,0,1,1
2087,6,4,4,0,0,0,1
2088,10,6,0,2,1,1,1
2089,6,6,6,0,1,0,1
2090,10,8,2,4,1,1,1
2091,10,6,2,2,0,1,1
2092,10,6,2,0,0,1,1
2093,10,0,2,0,1,1,1
2094,10,4,2,6,0,1,1
2095,6,2,0,0,1,0,1
2096,4,4,0,2,0,1,1
2097,10,6,2,0,1,1,0
2098,12,2,2,0,1,0,1
2099,12,4,0,2,1,1,1
2100,12,4,4,4,0,1,1
2101,10,4,0,2,1,1,0
2102,12,4,2,2,1,1,1
2103,10,6,0,6,1,1,1
2104,4,6,4,6,1,1,1
2105,10,4,4,0,0,0,1
2106,4,6,0,2,0,1,1
2107,0,4,4,4,1,0,1
2108,10,0,2,2,1,1,1
2109,12,6,0,2,0,1,1
2110,4,0,4,2,1,1,1
2111,12,2,2,0,0,0,1
2112,12,4,0,2,0,1,1
2113,6,2,0,0,0,1,1
2114,12,6,4,2,1,1,1
2115,0,4,4,2,1,1,1
2116,10,8,6,0,1,1,1
2117,4,6,2,2,0,1,1
2118,12,2,0,0,1,1,1
2119,10,4,0,0,0,0,0
2120,12,0,2,4,0,0,1
2121,12,0,6,2,1,0,1
2122,4,4,0,0,0,1,0
2123,10,4,4,6,1,1,1
2124,6,6,4,0,0,1,1
2125,8,6,2,2,0,1,1
2126,12,4,0,0,1,1,1
2127,10,6,0,0,0,1,1
2128,8,4,4,2,1,0,1
2129,8,4,2,4,1,1,1
2130,8,2,0,2,1,1,1
2131,12,4,0,4,0,1,1
2132,10,4,0,2,1,1,1
2133,12,10,4,2,0,1,1
2134,10,6,4,4,1,1,1
2135,2,0,4,2,0,1,1
2136,6,4,2,2,0,1,1
2137,6,4,2,2,0,1,1
2138,12,10,0,0,1,0,1
2139,6,0,6,2,0,1,1
2140,8,6,0,2,1,1,1
2141,10,4,0,0,1,0,1
2142,10,6,2,0,0,1,1
2143,12,4,0,2,0,0,1
2144,12,4,2,0,1,1,1
2145,10,6,2,6,1,0,1
2146,12,4,0,4,0,0,0
2147,6,0,2,4,0,0,1
2148,6,6,6,0,0,1,1
2149,12,4,0,4,1,1,1
2150,10,6,0,2,0,1,1
2151,2,4,6,2,0,1,1
2152,8,4,0,4,1,1,1
2153,0,0,2,0,1,1,1
2154,12,4,2,4,0,1,1
2155,8,10,2,0,1,1,1
2156,6,6,0,4,1,1,1
2157,12,0,2,0,0,0,1
2158,6,4,2,6,0,1,1
2159,8,6,6,0,1,1,1
2160,10,4,4,2,0,0,1
2161,12,4,2,0,0,0,1
2162,2,2,0,2,0,1,1
2163,0,4,2,6,1,1,1
2164,6,4,2,4,1,1,1
2165,6,6,2,0,1,0,1
2166,8,4,4,6,1,1,1
2167,6,6,0,0,1,1,1
2168,4,2,2,4,0,0,1
2169,2,6,0,6,0,1,1
2170,6,4,6,2,1,1,0
2171,6,0,0,2,0,0,0
2172,10,6,0,0,1,1,0
2173,6,4,6,0,0,1,0
2174,8,4,6,2,1,1,1
2175,12,0,0,2,1,1,1
2176,6,0,2,2,1,0,1
2177,12,12,0,0,0,1,1
2178,10,6,0,0,1,1,1
2179,8,2,0,4,0,1,1
2180,10,4,4,0,1,1,1
2181,12,6,0,0,0,1,1
2182,12,6,4,0,0,1,1
2183,8,2,2,4,0,1,1
2184,4,0,0,0,1,1,1
2185,12,2,2,2,1,1,1
2186,12,0,0,2,1,0,1
2187,10,4,2,2,1,1,1
2188,6,6,2,2,0,1,0
2189,8,8,4,2,1,1,1
2190,4,0,2,2,1,1,1
2191,8,6,0,2,0,1,1
2192,12,0,6,0,1,1,1
2193,6,8,6,6,1,1,1
2194,10,4,0,0,1,1,1
2195,10,4,0,2,1,1,0
2196,0,8,4,2,1,1,1
2197,6,6,2,4,1,1,1
2198,8,6,4,0,1,1,1
2199,0,0,2,2,1,1,1
2200,10,4,2,2,1,0,1
2201,8,4,0,2,1,1,0
2202,2,10,2,2,0,1,1
2203,10,4,4,2,0,0,1
2204,6,2,4,2,0,1,1
2205,12,4,4,0,1,0,1
2206,10,2,6,0,0,1,1
2207,4,4,2,0,1,0,1
2208,12,0,2,2,0,1,1
2209,6,0,4,2,1,1,1
2210,4,4,2,2,1,0,1
2211,10,6,0,2,1,1,1
2212,10,0,6,2,1,1,1
2213,12,4,0,2,1,0,1
2214,8,0,2,0,0,1,1
2215,0,0,0,4,0,1,1
2216,6,4,0,6,0,1,1
2217,0,4,4,2,1,1,1
2218,8,0,2,6,1,1,1
2219,10,4,4,4,1,1,1
2220,2,4,0,6,1,1,1
2221,2,4,6,6,0,1,1
2222,10,4,0,2,1,1,1
2223,8,6,6,2,1,1,1
2224,10,4,4,4,0,0,1
2225,10,0,4,6,1,1,1
2226,10,6,0,2,0,1,1
2227,6,4,0,2,0,1,1
2228,10,0,6,4,1,1,1
2229,2,4,4,0,0,1,1
2230,8,0,0,2,1,0,1
2231,12,4,6,2,0,1,1
2232,6,6,0,2,1,0,1
2233,12,8,0,6,1,0,1
2234,12,2,0,2,0,1,1
2235,6,4,2,2,0,0,1
2236,6,6,0,0,0,0,1
2237,8,0,0,0,0,1,1
2238,0,10,2,0,0,0,1
2239,8,6,2,2,0,1,0
2240,6,10,4,4,0,0,1
2241,10,4,0,6,1,1,1
2242,12,2,2,0,1,1,1
2243,10,4,2,0,1,1,1
2244,6,4,0,2,1,1,1
2245,6,8,2,2,1,1,1
2246,4,4,2,0,1,1,0
2247,0,4,0,2,0,0,0
2248,12,0,2,2,1,1,1
2249,8,2,6,2,1,1,1
2250,4,10,4,2,1,1,1
2251,6,4,0,0,0,1,1
2252,6,2,6,6,1,1,1
2253,6,4,0,0,1,0,1
2254,8,6,4,2,0,1,1
2255,6,6,0,4,1,1,1
2256,10,4,6,4,1,1,1
2257,10,0,4,0,0,1,1
2258,10,6,4,4,1,1,1
2259,6,0,6,6,0,1,1
2260,0,4,6,4,1,1,0
2261,12,4,0,0,1,1,1
2262,4,0,0,6,0,1,0
2263,8,4,4,0,1,0,1
2264,12,4,2,4,1,1,1
2265,8,0,2,0,1,1,1
2266,12,4,2,0,1,1,1
2267,12,0,0,4,0,1,1
2268,10,4,6,0,0,1,1
2269,4,4,2,2,0,0,1
2270,8,2,2,2,1,1,1
2271,6,4,4,2,0,0,1
2272,8,4,4,0,1,0,1
2273,12,0,4,0,0,1,1
2274,10,0,2,2,0,1,1
2275,0,2,6,0,0,1,1
2276,10,4,6,0,1,0,1
2277,10,2,0,0,1,0,1
2278,10,4,0,2,1,1,0
2279,6,6,0,2,1,1,0
2280,6,2,4,6,1,0,1
2281,0,6,6,2,1,1,1
2282,12,4,2,0,1,1,1
2283,4,4,4,0,0,1,1
2284,10,4,2,0,1,1,1
2285,12,0,6,2,1,1,1
2286,10,4,2,0,1,1,1
2287,12,4,2,2,1,1,1
2288,12,2,2,0,1,0,1
2289,4,0,2,2,1,1,1
2290,4,0,0,0,1,0,1
2291,12,0,2,4,1,1,1
2292,10,6,0,0,0,1,1
2293,4,4,2,2,0,0,1
2294,4,0,0,2,0,1,1
2295,10,6,2,6,0,1,1
2296,10,10,2,4,1,0,1
2297,12,0,0,2,1,1,1
2298,6,6,0,0,1,1,1
2299,8,0,0,0,1,1,1
2300,4,4,0,2,1,1,1
2301,12,6,0,4,1,1,1
2302,10,4,6,6,1,0,1
2303,10,4,0,2,0,1,1
2304,6,0,4,2,1,0,1
2305,4,4,0,6,0,1,1
2306,8,4,0,2,1,1,1
2307,10,4,4,2,1,1,1
2308,10,0,4,0,1,1,1
2309,8,4,2,4,1,1,1
2310,4,4,4,2,1,1,1
2311,6,6,4,0,1,1,1
2312,10,0,0,4,1,0,1
2313,4,0,2,2,0,0,1
2314,10,4,0,2,1,1,1
2315,10,0,2,2,1,0,1
2316,0,4,4,4,0,0,1
2317,10,2,4,2,1,1,1
2318,10,0,0,4,0,1,1
2319,10,6,2,4,1,0,0
2320,0,4,4,4,1,1,1
2321,4,4,0,4,1,0,1
2322,10,0,0,2,1,0,1
2323,10,0,2,2,1,1,1
2324,12,0,0,2,0,1,0
2325,12,4,2,2,1,1,1
2326,8,4,2,4,0,0,0
2327,10,4,4,4,1,1,1
2328,4,2,2,2,0,1,1
2329,8,0,6,2,0,0,1
2330,8,6,2,0,0,0,1
2331,8,4,4,0,1,1,1
2332,4,12,4,2,0,1,1
2333,2,8,0,2,1,0,1
2334,10,6,0,2,1,1,1
2335,6,6,2,2,0,1,1
2336,12,0,2,2,1,1,1
2337,8,0,6,2,1,1,1
2338,12,6,2,2,1,0,1
2339,6,4,6,6,0,0,1
2340,8,4,2,0,1,1,1
2341,8,6,2,4,1,0,1
2342,4,12,2,0,1,1,1
2343,6,0,2,4,1,1,1
2344,10,4,2,2,1,1,1
2345,8,4,4,6,0,1,1
2346,8,6,2,6,0,1,1
2347,6,0,2,2,1,1,1
2348,8,2,0,6,0,0,1
2349,0,4,0,2,0,0,1
2350,4,4,6,2,1,1,1
2351,10,12,0,2,1,1,1
2352,12,4,0,4,0,1,1
2353,12,6,4,2,0,0,0
2354,8,4,6,6,1,1,1
2355,4,6,4,2,1,1,0
2356,4,2,2,0,1,1,1
2357,10,6,0,0,1,1,1
2358,12,4,6,2,1,1,1
2359,10,0,2,4,1,1,1
2360,2,8,0,4,1,0,1
2361,6,2,2,0,0,1,1
2362,6,0,2,0,0,1,1
2363,8,2,4,4,1,1,1
2364,10,6,2,6,0,1,0
2365,10,4,0,4,1,1,1
2366,0,12,0,2,0,0,1
2367,10,10,0,6,0,1,1
2368,6,4,2,4,0,1,1
2369,10,6,0,0,1,1,1
2370,6,4,6,4,0,1,1
2371,10,4,4,6,0,0,1
2372,10,8,2,2,1,1,1
2373,0,2,2,0,1,0,1
2374,6,4,2,0,1,1,1
2375,0,8,2,2,0,1,1
2376,8,4,0,2,1,1,1
2377,6,8,0,2,1,1,1
2378,4,6,2,0,1,1,1
2379,12,2,2,0,1,1,1
2380,2,8,0,0,0,1,0
2381,10,4,0,0,1,1,1
2382,6,2,0,2,1,1,1
2383,12,0,2,2,0,1,1
2384,10,8,2,2,0,1,1
2385,6,0,0,4,0,1,1
2386,6,0,6,0,0,1,1
2387,10,4,6,2,1,1,1
2388,12,4,2,2,1,1,1
2389,6,4,4,4,0,0,1
2390,12,2,4,4,1,1,1
2391,2,2,0,4,0,1,1
2392,6,4,4,4,0,1,0
2393,12,8,0,0,1,1,1
2394,12,4,0,2,1,1,1
2395,10,0,0,4,1,1,1
2396,10,4,0,6,1,1,1
2397,10,6,2,4,0,1,1
2398,4,6,0,0,0,0,0
2399,2,6,0,2,0,1,1
2400,8,6,2,2,0,1,1
2401,6,4,2,0,0,1,1
2402,4,4,6,0,0,1,1
2403,12,0,4,0,0,1,1
2404,10,6,0,2,0,0,1
2405,8,0,2,0,0,1,1
2406,2,8,2,4,1,1,1
2407,10,8,0,4,0,1,1
2408,12,4,2,2,1,1,1
2409,10,4,2,2,0,1,1
2410,6,2,2,2,1,0,1
2411,8,0,2,6,1,1,1
2412,12,2,0,6,0,0,1
2413,12,4,0,0,1,1,1
2414,8,4,2,2,1,1,1
2415,12,4,0,2,1,0,1
2416,10,4,0,4,0,1,1
2417,10,4,4,4,1,1,1
2418,4,4,0,0,0,1,1
2419,10,4,2,4,1,1,1
2420,12,4,2,2,0,1,1
2421,6,0,4,0,1,0,0
2422,4,4,2,0,1,1,1
2423,6,4,2,4,0,1,1
2424,10,6,0,0,1,1,1
2425,12,0,0,4,0,1,1
2426,8,4,2,4,1,0,1
2427,6,4,4,2,1,1,1
2428,12,0,2,2,1,1,1
2429,10,0,0,2,0,1,1
2430,10,6,4,2,1,1,1
2431,10,4,0,4,0,1,1
2432,10,0,0,6,0,1,1
2433,4,6,0,0,1,1,1
2434,10,8,2,6,0,1,1
2435,10,4,4,2,1,1,1
2436,0,0,0,2,0,1,1
2437,12,6,4,6,1,1,1
2438,2,8,4,2,0,1,1
2439,6,8,6,2,1,0,1
2440,6,4,0,2,1,1,1
2441,10,4,2,2,1,1,0
2442,8,4,6,0,0,1,1
2443,6,4,2,0,1,1,1
2444,10,2,4,2,1,1,1
2445,0,4,4,2,1,1,1
2446,10,0,4,4,0,0,1
2447,6,4,2,2,0,0,0
2448,10,4,0,4,1,1,1
2449,12,4,2,4,0,0,1
2450,4,4,0,2,0,0,1
2451,12,4,2,6,0,0,1
2452,12,4,0,0,1,0,1
2453,12,0,0,4,1,1,1
2454,0,0,0,6,1,0,1
2455,6,4,0,2,1,0,1
2456,10,4,4,2,1,1,1
2457,6,6,0,2,1,1,0
2458,10,0,4,2,1,1,1
2459,10,2,4,2,1,0,1
2460,10,2,4,4,0,1,1
2461,0,6,4,2,1,1,1
2462,10,6,0,2,0,1,1
2463,6,4,0,4,0,1,1
2464,12,6,4,2,1,1,1
2465,8,0,6,4,0,1,1
2466,6,4,0,0,1,1,1
2467,12,10,0,0,1,1,1
2468,12,4,0,0,0,1,1
2469,10,2,6,2,0,1,1
2470,12,4,6,4,0,1,1
2471,12,0,2,2,0,1,1
2472,10,8,6,0,1,1,1
2473,12,4,0,2,1,1,1
2474,4,6,2,0,1,0,1
2475,12,4,0,4,1,1,1
2476,4,4,6,2,1,1,1
2477,12,8,2,4,0,1,1
2478,8,2,6,2,1,1,1
2479,10,6,2,2,0,0,1
2480,8,0,0,2,0,1,1
2481,6,6,2,0,1,1,1
2482,6,8,2,0,0,1,0
2483,8,4,2,0,1,1,1
2484,10,6,4,0,0,1,1
2485,4,2,0,4,1,1,1
2486,6,0,2,0,1,0,1
2487,8,2,6,0,1,1,0
2488,8,8,4,2,1,1,1
2489,10,0,2,0,1,1,1
2490,12,4,0,2,1,1,1
2491,10,4,2,2,1,0,1
2492,2,4,0,2,1,1,1
2493,10,4,2,4,1,1,1
2494,2,2,4,2,0,1,1
2495,12,4,6,6,1,1,0
2496,8,0,0,0,0,1,1
2497,8,4,0,0,0,1,1
2498,10,6,4,4,0,1,1
2499,10,2,2,0,0,1,1
2500,6,2,0,2,1,1,1
2501,4,6,4,4,0,1,1
2502,10,4,4,0,0,1,1
2503,8,6,6,0,0,1,1
2504,8,4,4,6,0,0,1
2505,8,6,2,0,1,1,1
2506,4,4,2,4,1,1,1
2507,10,4,4,2,1,1,1
2508,10,2,2,0,1,1,1
2509,4,6,2,4,0,0,1
2510,10,4,6,4,0,1,0
2511,2,0,2,2,0,1,1
2512,8,0,6,0,1,1,1
2513,12,4,0,4,0,0,0
2514,12,6,0,0,1,0,1
2515,12,0,0,2,0,0,0
2516,10,6,2,4,1,1,1
2517,4,4,2,2,0,0,1
2518,4,4,6,6,1,0,1
2519,2,6,4,2,0,1,1
2520,8,6,6,2,1,1,1
2521,10,0,4,0,1,1,1
2522,8,4,0,2,1,0,1
2523,0,4,0,2,1,1,1
2524,0,4,0,4,1,1,1
2525,0,4,2,2,0,1,1
2526,12,4,2,2,0,1,1
2527,6,2,0,4,0,1,1
2528,4,0,0,2,1,1,1
2529,4,6,6,6,0,0,1
2530,10,4,4,0,1,0,1
2531,8,4,0,0,1,1,1
2532,10,4,2,0,1,0,1
2533,12,4,2,4,0,1,1
2534,6,4,0,0,1,1,1
2535,2,6,0,6,1,1,0
2536,8,6,6,2,1,1,1
2537,8,6,2,4,0,0,1
2538,4,0,2,0,1,1,0
2539,4,6,4,2,0,1,1
2540,4,2,4,0,0,1,1
2541,8,0,2,2,0,0,1
2542,12,6,0,4,0,0,1
2543,10,8,6,4,1,0,1
2544,0,4,6,0,1,1,1
2545,12,4,6,0,1,1,1
2546,10,0,0,2,0,1,0
2547,4,4,0,2,1,1,1
2548,12,10,4,6,0,1,1
2549,12,4,4,4,0,1,1
2550,8,6,0,2,1,0,1
2551,10,6,0,4,1,1,1
2552,6,0,4,4,1,1,1
2553,6,4,2,6,1,1,1
2554,0,4,4,0,1,1,1
2555,4,0,6,2,1,0,1
2556,2,4,6,2,0,1,1
2557,2,4,0,2,1,1,1
2558,10,4,2,2,1,1,1
2559,10,2,4,2,1,0,1
2560,8,0,0,4,1,1,1
2561,8,0,2,2,0,1,1
2562,6,4,6,0,1,0,1
2563,12,4,2,4,1,0,1
2564,6,4,2,0,0,1,1
2565,6,6,2,6,0,1,1
2566,12,0,4,2,1,0,1
2567,10,10,2,2,1,1,1
2568,10,0,4,6,1,1,1
2569,12,2,0,2,1,1,1
2570,0,4,0,2,1,0,1
2571,12,4,2,2,1,0,1
2572,12,6,2,2,0,1,1
2573,8,0,6,0,1,1,1
2574,12,6,0,2,1,0,0
2575,8,4,0,0,1,1,1
2576,12,0,6,2,0,0,1
2577,12,4,0,4,1,0,1
2578,10,4,4,4,0,1,1
2579,4,0,2,2,1,1,1
2580,10,6,0,2,1,1,1
2581,8,8,2,4,1,0,1
2582,6,4,6,4,0,0,1
2583,10,6,2,0,1,1,1
2584,0,10,4,2,0,1,1
2585,12,6,2,0,0,0,1
2586,10,0,0,6,1,1,1
2587,8,0,0,4,1,0,1
2588,6,4,0,2,0,1,0
2589,4,10,0,2,0,1,1
2590,8,4,0,6,1,1,1
2591,12,6,2,2,1,1,1
2592,10,4,6,2,0,1,1
2593,10,2,2,4,1,1,0
2594,10,4,0,2,1,1,1
2595,12,4,2,2,1,1,1
2596,2,12,2,0,0,1,1
2597,12,4,0,4,1,1,1
2598,4,4,0,2,1,1,1
2599,8,6,0,2,0,1,1
2600,12,6,6,2,1,1,1
2601,10,4,0,2,1,1,1
2602,6,8,4,0,0,1,0
2603,2,6,0,2,1,1,1
2604,10,4,6,0,0,1,1
2605,12,6,0,0,1,0,1
2606,2,10,4,0,1,0,1
2607,4,6,0,6,0,1,1
2608,10,4,4,2,0,1,1
2609,10,4,0,0,1,1,1
2610,8,2,0,0,1,1,1
2611,12,2,4,2,1,1,1
2612,4,6,0,0,1,1,1
2613,8,4,4,4,0,1,1
2614,10,4,4,2,0,1,1
2615,6,2,4,0,0,0,1
2616,6,4,0,4,0,1,1
2617,12,6,4,2,1,1,1
2618,10,4,2,6,1,1,1
2619,10,4,0,2,1,1,1
2620,6,4,0,2,1,0,1
2621,12,4,0,2,0,1,1
2622,12,4,4,4,1,1,1
2623,4,8,6,2,0,1,1
2624,10,6,4,2,1,1,1
2625,0,4,0,6,0,0,1
2626,12,4,0,0,0,1,1
2627,10,0,4,6,1,0,1
2628,8,4,2,0,1,0,0
2629,2,10,4,2,0,0,1
2630,4,6,6,6,0,1,1
2631,10,0,4,2,1,1,1
2632,10,4,6,0,1,1,1
2633,6,4,2,0,0,1,1
2634,2,2,0,2,1,1,1
2635,10,4,4,4,1,0,1
2636,6,4,2,2,0,0,1
2637,12,0,0,0,0,1,1
2638,10,4,2,2,1,1,1
2639,6,8,0,2,0,1,0
2640,10,2,2,0,1,1,1
2641,6,4,2,2,0,0,1
2642,12,8,4,4,1,1,1
2643,8,6,2,4,1,1,1
2644,12,0,0,4,1,1,0
2645,10,4,0,4,1,0,1
2646,10,0,0,0,1,1,1
2647,10,4,2,2,1,1,1
2648,10,6,0,0,1,0,1
2649,10,4,0,0,0,1,1
2650,12,6,6,2,1,0,1
2651,4,0,4,0,1,1,1
2652,12,0,2,2,0,0,1
2653,6,0,4,2,1,1,1
2654,10,4,0,0,1,1,1
2655,2,4,6,2,0,1,1
2656,10,0,0,4,0,1,1
2657,6,4,0,4,1,1,1
2658,8,4,0,2,1,0,1
2659,10,0,0,0,1,1,1
2660,12,6,0,0,1,1,1
2661,12,8,0,2,0,1,1
2662,10,6,6,2,1,0,1
2663,8,2,0,2,1,1,1
2664,12,8,0,2,0,0,0
2665,6,4,2,2,0,1,0
2666,6,4,4,2,1,1,1
2667,10,6,2,4,0,0,1
2668,10,4,0,0,1,1,0
2669,10,6,4,0,1,1,1
2670,2,6,0,2,0,1,1
2671,12,4,0,2,1,1,1
2672,6,6,4,0,1,1,0
2673,12,4,0,2,1,1,1
2674,8,6,0,6,1,1,1
2675,10,2,0,2,1,0,1
2676,10,0,0,4,1,1,1
2677,10,4,6,2,0,1,1
2678,10,0,4,2,0,1,1
2679,0,0,2,0,1,0,1
2680,2,4,2,2,0,1,1
2681,10,4,4,2,1,1,1
2682,6,0,0,2,1,1,1
2683,6,0,4,2,1,0,1
2684,10,2,0,6,1,1,1
2685,12,2,0,0,1,0,1
2686,10,4,0,0,1,1,1
2687,10,6,2,4,1,1,1
2688,10,10,0,2,1,1,0
2689,12,0,4,6,0,0,1
2690,6,4,0,2,1,1,0
2691,6,4,4,2,1,0,0
2692,10,4,0,4,1,1,1
2693,6,6,0,4,0,0,1
2694,8,2,4,0,1,0,1
2695,10,6,0,4,1,0,1
2696,10,12,0,2,1,0,0
2697,10,0,4,2,1,1,1
2698,4,2,0,4,0,1,1
2699,8,4,4,0,0,0,1
2700,6,6,6,0,0,1,1
2701,8,2,6,4,1,1,1
2702,6,4,2,2,1,1,1
2703,6,4,0,2,1,0,1
2704,4,4,4,2,0,1,1
2705,4,4,0,0,1,1,1
2706,10,4,2,0,1,1,1
2707,6,4,0,2,0,1,1
2708,12,4,0,0,0,1,1
2709,10,4,2,0,1,1,1
2710,6,6,2,4,0,1,1
2711,12,4,4,2,1,0,1
2712,8,6,0,2,1,1,1
2713,8,6,2,0,1,1,1
2714,8,6,2,2,1,1,1
2715,12,4,4,6,0,1,1
2716,8,0,0,2,1,1,1
2717,6,2,4,2,1,0,0
2718,12,6,6,0,0,1,1
2719,10,4,4,4,1,1,1
2720,12,4,0,0,1,0,1
2721,6,2,0,2,0,1,0
2722,12,4,2,4,0,1,1
2723,4,4,2,4,1,1,1
2724,12,4,6,0,1,1,1
2725,12,8,2,0,1,1,0
2726,12,4,0,0,1,1,1
2727,6,4,2,4,0,0,1
2728,2,10,0,0,1,1,1
2729,8,8,6,0,1,0,1
2730,10,0,0,2,1,1,1
2731,10,0,2,2,0,1,1
2732,6,4,0,2,0,1,1
2733,12,12,0,0,0,1,1
2734,10,4,2,2,1,1,1
2735,0,4,6,2,1,1,1
2736,12,0,2,6,0,1,1
2737,10,0,0,2,0,1,1
2738,6,0,4,0,0,1,1
2739,10,0,4,0,1,0,1
2740,8,4,0,0,1,1,1
2741,6,4,0,0,0,0,1
2742,10,4,0,0,1,0,1
2743,10,6,2,6,0,1,1
2744,12,6,2,2,1,1,1
2745,10,4,6,2,0,1,1
2746,10,12,0,6,1,1,1
2747,10,0,4,0,1,1,1
2748,0,0,6,4,1,1,1
2749,2,4,4,6,1,0,1
2750,8,4,2,2,1,0,1
2751,2,6,2,2,0,0,0
2752,6,4,2,0,1,1,1
2753,0,6,0,6,0,0,1
2754,2,6,2,0,1,1,1
2755,6,6,2,2,0,1,1
2756,0,4,2,4,0,0,1
2757,10,4,0,2,0,0,1
2758,6,12,0,6,1,1,1
2759,10,4,2,6,0,0,0
2760,12,6,2,2,1,0,1
2761,0,2,0,0,0,0,1
2762,6,4,2,0,1,1,1
2763,6,0,0,0,1,1,1
2764,8,0,2,2,0,0,1
2765,8,4,0,6,0,1,1
2766,8,4,2,0,1,0,1
2767,12,4,2,4,1,1,0
2768,10,4,2,2,0,1,0
2769,12,4,0,2,0,1,1
2770,8,0,0,6,1,0,1
2771,10,0,0,6,1,1,1
2772,12,4,6,6,0,1,1
2773,10,4,2,0,0,0,1
2774,4,4,4,4,1,1,1
2775,10,4,2,0,1,0,1
2776,10,4,0,2,1,0,1
2777,8,4,2,6,0,0,1
2778,10,6,6,6,0,1,1
2779,0,8,2,2,0,1,1
2780,12,4,0,0,0,1,0
2781,10,4,0,4,0,1,1
2782,8,4,0,2,1,1,1
2783,2,4,6,6,0,0,1
2784,12,0,0,4,0,1,1
2785,6,10,0,2,1,1,1
2786,8,12,4,0,1,1,1
2787,10,4,0,2,0,1,1
2788,12,4,2,2,1,1,1
2789,8,6,2,0,1,0,1
2790,6,6,0,0,0,1,1
2791,6,4,2,2,1,1,1
2792,8,4,4,6,1,1,1
2793,10,8,2,2,1,1,1
2794,2,4,6,2,0,1,1
2795,10,4,4,0,1,1,1
2796,12,4,4,0,1,1,1
2797,8,4,0,0,1,0,1
2798,10,0,2,0,1,1,1
2799,12,4,4,0,1,1,1
2800,12,6,2,6,0,1,1
2801,0,6,4,0,0,1,1
2802,10,0,0,2,1,1,1
2803,6,8,4,2,1,1,1
2804,8,6,0,2,0,1,1
2805,6,4,2,2,1,0,1
2806,2,6,2,0,1,0,0
2807,10,12,4,0,1,1,1
2808,8,8,0,4,1,1,1
2809,10,0,2,2,1,0,1
2810,0,6,2,0,0,1,1
2811,12,4,2,0,1,1,1
2812,4,6,2,6,0,0,1
2813,6,6,4,2,0,1,1
2814,6,0,2,2,0,1,1
2815,10,0,0,2,0,1,1
2816,4,4,0,4,1,1,1
2817,6,2,0,0,0,1,1
2818,2,6,4,4,1,1,1
2819,8,6,2,0,1,0,1
2820,10,4,4,6,1,1,1
2821,10,10,0,2,1,1,1
2822,10,6,6,0,1,0,1
2823,8,4,0,2,1,0,1
2824,10,4,0,6,0,1,1
2825,10,0,2,4,0,1,1
2826,8,6,2,2,0,1,1
2827,0,8,2,2,0,1,1
2828,4,4,2,6,0,1,1
2829,10,4,0,2,0,1,0
2830,12,4,2,2,1,1,1
2831,12,0,4,0,0,1,0
2832,6,2,0,2,1,1,1
2833,6,4,2,0,0,1,1
2834,10,10,0,2,1,1,1
2835,12,12,6,4,1,1,1
2836,8,4,0,4,1,1,1
2837,10,0,0,2,1,0,1
2838,12,0,2,4,1,0,0
2839,6,6,0,2,0,1,1
2840,10,6,6,2,0,0,1
2841,10,4,0,2,1,0,1
2842,10,0,0,2,1,0,1
2843,10,6,2,4,1,1,1
2844,12,0,0,0,1,1,1
2845,10,6,2,2,0,1,1
2846,10,10,0,6,0,1,1
2847,6,4,2,6,1,1,1
2848,12,4,2,0,1,0,1
2849,10,8,0,2,1,1,1
2850,6,0,0,4,0,0,1
2851,12,0,2,2,1,0,1
2852,10,4,0,2,0,1,1
2853,0,4,0,0,1,0,1
2854,8,10,2,2,0,1,1
2855,12,12,2,2,1,0,0
2856,12,8,2,2,0,1,1
2857,10,0,0,2,1,0,1
2858,12,6,0,0,0,1,1
2859,10,4,2,0,0,1,1
2860,10,4,6,0,1,1,0
2861,10,8,4,4,1,0,1
2862,12,4,2,6,1,0,1
2863,2,8,4,2,1,1,1
2864,8,4,2,0,0,1,1
2865,12,12,0,0,0,0,1
2866,10,6,2,2,0,1,1
2867,12,4,0,0,0,1,0
2868,12,6,4,2,1,1,1
2869,6,6,6,6,0,1,1
2870,4,2,2,6,1,1,1
2871,10,8,4,4,1,1,1
2872,12,0,0,0,0,1,1
2873,4,0,2,2,1,1,1
2874,12,0,0,2,1,1,1
2875,8,4,0,2,0,0,1
2876,12,4,0,2,1,1,1
2877,8,2,0,6,0,1,1
2878,8,0,0,6,1,1,1
2879,10,10,4,0,0,1,1
2880,12,4,0,2,1,1,1
2881,6,2,0,2,0,0,1
2882,10,4,4,2,1,0,1
2883,10,0,2,2,1,0,1
2884,10,4,2,2,0,1,1
2885,10,6,0,2,1,1,1
2886,8,8,4,2,1,1,1
2887,12,4,2,6,0,1,0
2888,0,0,0,0,1,0,1
2889,2,0,0,0,0,1,1
2890,4,4,2,0,1,1,1
2891,12,2,2,0,1,1,0
2892,12,4,4,0,1,1,1
2893,10,4,0,0,1,1,1
2894,10,4,2,2,1,1,1
2895,6,0,0,0,1,1,1
2896,4,6,2,0,1,0,1
2897,10,4,2,2,0,1,1
2898,0,6,0,2,0,1,0
2899,4,0,0,2,0,1,1
2900,10,4,0,4,1,1,0
2901,10,0,0,2,0,1,1
2902,12,0,4,2,0,0,0
2903,10,0,6,2,1,1,1
2904,10,4,0,2,1,1,1
2905,10,0,6,2,0,1,1
2906,12,6,0,2,1,1,1
2907,10,6,0,6,0,1,1
2908,4,4,2,0,1,1,1
2909,12,4,0,2,1,1,1
2910,10,10,6,2,1,0,1
2911,8,10,6,2,0,0,1
2912,10,4,4,2,1,1,0
2913,12,0,2,4,1,0,1
2914,12,4,0,4,0,1,1
2915,12,6,2,0,0,0,1
2916,10,8,2,2,1,0,1
2917,10,4,6,4,1,1,1
2918,0,0,0,4,1,1,1
2919,10,8,2,6,1,1,1
2920,8,6,2,0,0,1,1
2921,6,4,2,0,1,1,0
2922,4,10,2,4,0,1,1
2923,10,0,2,6,1,1,1
2924,10,2,2,4,1,1,1
2925,4,8,0,4,1,0,0
2926,4,2,2,0,1,0,1
2927,10,4,0,2,1,1,1
2928,8,0,4,4,1,1,1
2929,10,0,0,4,1,1,1
2930,2,10,2,6,1,1,1
2931,8,0,2,0,1,1,1
2932,0,6,0,0,1,1,1
2933,0,8,0,2,0,1,1
2934,12,0,4,2,0,1,1
2935,6,6,0,4,1,0,0
2936,10,4,0,4,0,1,1
2937,8,4,4,0,0,1,1
2938,2,6,2,2,0,1,1
2939,4,0,0,2,1,0,1
2940,10,4,0,2,1,1,1
2941,12,4,4,4,0,1,1
2942,6,4,6,2,0,0,1
2943,10,4,4,0,1,1,0
2944,10,2,6,0,1,1,1
2945,10,6,0,2,1,0,1
2946,2,2,2,0,0,1,1
2947,4,6,0,4,0,1,1
2948,12,0,2,4,0,1,1
2949,12,0,4,0,1,1,1
2950,8,6,0,2,0,1,1
2951,8,6,2,2,0,0,0
2952,6,4,4,2,1,0,1
2953,10,4,2,4,1,1,0
2954,4,6,6,0,1,1,1
2955,12,4,0,2,1,1,1
2956,8,4,0,0,0,1,1
2957,8,6,2,4,0,0,0
2958,0,0,4,2,1,1,1
2959,4,4,6,4,1,1,1
2960,6,6,0,2,1,0,1
2961,10,4,2,6,0,1,1
2962,12,0,2,0,1,1,1
2963,10,4,0,4,1,1,1
2964,10,12,2,0,1,0,0
2965,4,6,6,2,1,1,1
2966,4,4,2,0,0,0,1
2967,12,8,2,0,0,1,1
2968,2,4,2,4,1,1,1
2969,4,2,4,6,1,1,1
2970,2,4,2,0,1,1,1
2971,2,6,0,0,1,1,1
2972,6,4,2,0,1,1,0
2973,12,4,4,2,1,0,1
2974,12,4,0,2,1,0,1
2975,10,4,4,2,1,0,1
2976,12,4,2,2,0,1,1
2977,12,4,4,0,1,1,1
2978,10,4,4,2,0,1,1
2979,10,6,0,0,0,1,1
2980,8,8,6,4,0,0,1
2981,12,6,6,4,1,1,1
2982,4,4,0,2,0,1,0
2983,12,6,0,2,0,1,0
2984,6,2,0,2,1,1,1
2985,10,0,6,4,1,1,1
2986,2,4,0,2,0,1,1
2987,10,10,0,4,0,1,1
2988,2,0,2,2,1,1,1
2989,6,6,0,0,0,1,1
2990,8,4,2,2,1,1,1
2991,2,0,0,2,1,1,1
2992,10,0,4,2,0,1,1
2993,10,10,4,2,0,1,1
2994,12,4,0,4,1,1,1
2995,2,4,0,2,0,1,0
2996,4,6,0,2,1,1,1
2997,8,4,6,2,1,1,1
2998,12,0,0,2,1,1,1
2999,8,4,0,0,0,1,1
3000,10,4,0,4,1,1,1
3001,0,6,2,0,0,1,1
3002,12,4,0,4,1,1,1
3003,6,6,6,2,1,1,0
3004,4,0,2,2,0,1,1
3005,6,4,6,0,1,1,1
3006,8,4,2,2,0,1,1
3007,0,2,2,4,1,0,1
3008,10,4,4,0,1,1,1
3009,6,8,0,0,0,0,0
3010,6,6,0,2,1,1,1
3011,12,12,2,2,0,1,1
3012,6,2,6,2,0,1,1
3013,12,6,2,0,1,1,1
3014,10,6,0,2,0,1,1
3015,0,4,0,2,1,1,1
3016,6,4,4,0,1,1,1
3017,0,0,6,0,1,1,0
3018,10,0,2,0,0,1,1
3019,12,8,0,6,1,0,1
3020,10,4,4,2,1,1,0
3021,6,4,0,2,1,0,1
3022,10,4,4,0,1,1,1
3023,12,4,2,2,0,1,1
3024,6,6,2,4,1,1,0
3025,8,4,4,0,0,1,1
3026,8,2,0,2,1,1,1
3027,10,4,0,2,1,1,0
3028,6,4,0,0,0,1,1
3029,4,2,0,2,1,1,1
3030,10,0,0,4,0,1,1
3031,12,4,2,2,0,1,1
3032,10,6,0,0,0,1,1
3033,10,4,0,2,0,1,1
3034,12,10,0,2,0,0,1
3035,10,4,0,0,1,1,1
3036,10,0,2,0,0,1,1
3037,4,0,2,2,1,0,1
3038,8,0,6,6,1,1,1
3039,10,0,4,4,1,0,1
3040,12,10,4,2,0,1,1
3041,10,4,6,2,1,1,1
3042,12,4,0,0,1,1,1
3043,4,6,2,4,1,1,1
3044,6,4,0,0,1,1,1
3045,2,4,2,0,1,1,1
3046,10,2,0,2,1,1,1
3047,12,4,0,2,0,1,1
3048,10,4,0,4,1,1,1
3049,8,4,0,2,0,0,1
3050,8,0,0,2,1,1,1
3051,8,0,2,2,0,0,1
3052,0,2,6,2,1,0,1
3053,4,4,4,2,1,0,1
3054,6,2,0,2,1,1,1
3055,10,6,2,2,0,1,1
3056,0,6,6,2,0,0,1
3057,12,4,6,6,1,1,1
3058,2,0,6,4,0,0,1
3059,10,0,0,4,1,1,1
3060,8,4,2,6,1,0,1
3061,2,10,2,2,1,0,1
3062,8,0,6,6,0,1,1
3063,0,0,0,0,0,0,0
3064,10,4,4,0,1,1,1
3065,10,10,0,2,0,1,1
3066,10,4,2,6,1,1,1
3067,4,6,4,6,1,0,1
3068,10,8,4,4,1,1,1
3069,2,4,0,4,1,0,1
3070,12,4,6,0,0,1,1
3071,12,4,4,0,1,1,1
3072,10,6,2,2,1,1,1
3073,6,4,6,0,0,1,1
3074,4,6,2,0,0,1,1
3075,8,4,0,0,0,1,1
3076,12,4,0,4,0,1,1
3077,6,2,2,2,0,1,1
3078,6,0,0,2,1,1,1
3079,12,8,4,2,0,1,1
3080,10,4,0,4,0,1,1
3081,6,4,2,2,0,0,1
3082,10,6,4,2,1,1,1
3083,10,4,0,4,1,0,1
3084,2,6,2,4,1,1,1
3085,6,4,0,6,0,0,0
3086,12,4,0,6,1,0,1
3087,12,4,6,0,1,1,1
3088,4,0,4,2,0,1,0
3089,12,12,0,6,0,0,1
3090,2,0,4,2,1,0,1
3091,8,12,0,4,0,1,1
3092,10,4,2,0,0,0,1
3093,6,6,6,6,1,0,1
3094,10,6,2,0,1,1,1
3095,4,0,0,0,0,1,0
3096,4,10,4,0,0,1,1
3097,10,0,0,0,1,1,1
3098,4,6,6,4,0,1,1
3099,10,4,4,2,0,1,1
3100,10,8,2,6,0,1,1
3101,10,2,4,0,0,0,1
3102,10,4,0,4,0,1,1
3103,10,4,2,2,1,1,1
3104,6,4,6,6,1,1,1
3105,10,6,4,2,1,1,1
3106,2,0,2,2,0,1,1
3107,6,0,0,0,1,0,1
3108,8,8,0,4,1,0,1
3109,8,4,0,6,1,0,1
3110,8,6,4,2,1,0,1
3111,6,4,0,2,1,0,1
3112,10,4,4,0,1,1,1
3113,6,6,0,4,1,0,1
3114,10,4,4,6,0,0,1
3115,8,6,4,0,1,0,0
3116,6,4,0,2,1,1,0
3117,10,4,2,2,1,1,1
3118,8,4,2,4,1,1,1
3119,10,6,0,4,1,1,1
3120,12,2,0,0,0,1,1
3121,2,4,4,2,1,1,1
3122,8,4,0,2,0,1,1
3123,10,10,0,6,1,1,1
3124,12,4,0,2,1,0,1
3125,10,4,2,2,1,1,1
3126,12,0,2,4,1,0,1
3127,10,2,0,6,1,1,1
3128,6,4,2,0,0,0,1
3129,10,6,2,2,0,0,1
3130,6,6,2,2,0,1,0
3131,0,4,4,2,0,1,1
3132,6,0,0,4,1,0,1
3133,10,2,4,2,0,0,0
3134,0,8,2,0,1,1,0
3135,10,0,2,4,1,1,1
3136,6,4,0,2,0,1,1
3137,8,6,6,4,1,1,1
3138,10,0,2,0,0,1,1
3139,8,4,0,2,1,0,1
3140,10,4,0,2,1,1,1
3141,0,10,2,4,0,1,1
3142,12,4,0,2,0,1,1
3143,6,6,2,0,1,1,1
3144,10,4,4,2,0,1,1
3145,10,4,0,4,1,1,1
3146,12,8,4,4,0,1,1
3147,10,4,4,0,0,1,1
3148,10,4,0,2,1,1,1
3149,6,0,2,2,0,1,1
3150,8,2,6,2,1,1,1
3151,10,4,0,2,1,1,1
3152,10,6,0,4,1,1,1
3153,4,4,0,2,1,1,1
3154,8,2,6,4,0,0,1
3155,10,4,0,4,1,0,1
3156,0,4,2,2,1,1,1
3157,2,6,4,0,1,1,1
3158,10,4,0,4,1,1,1
3159,12,0,2,6,1,1,1
3160,10,2,4,0,1,0,1
3161,8,4,0,2,0,1,1
3162,0,6,0,0,1,1,1
3163,8,0,4,2,1,1,1
3164,6,10,2,0,0,0,0
3165,6,4,4,6,1,1,1
3166,4,10,0,2,1,1,1
3167,8,12,4,4,0,1,1
3168,6,6,2,6,0,1,1
3169,10,6,0,0,0,1,1
3170,4,2,2,2,1,0,1
3171,12,0,4,4,0,1,1
3172,4,6,0,2,0,1,1
3173,2,2,2,2,0,1,1
3174,10,6,0,2,0,1,1
3175,6,4,4,4,0,0,1
3176,12,6,2,2,1,1,1
3177,4,2,2,0,0,1,1
3178,10,4,2,6,1,0,1
3179,10,2,2,4,1,1,1
3180,10,2,2,2,0,1,1
3181,10,12,0,2,0,1,0
3182,12,4,4,0,0,0,1
3183,10,4,0,2,0,1,1
3184,6,4,2,0,1,1,1
3185,10,6,4,6,1,0,1
3186,8,4,0,0,1,1,1
3187,8,4,0,2,1,0,1
3188,6,8,0,4,1,1,1
3189,6,0,4,2,1,1,1
3190,10,4,2,6,1,1,1
3191,4,0,2,0,1,1,1
3192,6,0,4,2,1,1,1
3193,10,6,4,2,0,1,1
3194,10,4,0,2,0,0,1
3195,10,4,4,6,0,0,1
3196,10,4,4,0,0,1,1
3197,10,0,0,0,1,1,1
3198,10,6,0,2,1,1,0
3199,10,2,4,2,1,1,1
3200,4,4,0,0,0,0,1
3201,2,4,2,2,0,0,1
3202,10,4,2,4,1,1,1
3203,10,0,4,4,1,0,1
3204,2,4,4,2,1,0,1
3205,4,0,0,6,1,1,1
3206,12,0,2,4,0,1,1
3207,4,6,4,2,0,1,1
3208,12,6,0,4,1,1,1
3209,6,4,4,6,0,1,1
3210,8,4,6,6,1,1,1
3211,10,4,6,0,0,1,0
3212,12,4,0,6,1,1,1
3213,12,0,0,2,0,1,1
3214,10,4,0,2,1,0,1
3215,6,0,4,0,0,0,1
3216,0,6,0,0,0,0,1
3217,6,10,0,0,0,1,1
3218,8,0,0,0,1,0,1
3219,12,0,2,0,0,0,1
3220,12,4,2,4,1,0,1
3221,8,4,4,0,1,1,1
3222,12,4,2,6,0,1,1
3223,4,10,4,2,1,1,1
3224,8,4,2,0,1,1,1
3225,8,6,2,2,0,1,1
3226,8,0,0,4,1,0,1
3227,6,0,4,4,1,1,1
3228,12,0,2,4,0,1,1
3229,10,4,0,2,1,1,1
3230,6,4,0,2,0,1,1
3231,6,6,0,0,0,1,1
3232,8,0,2,4,1,1,1
3233,6,4,4,4,0,1,1
3234,10,4,4,2,0,1,0
3235,8,8,2,2,1,1,1
3236,0,4,0,2,1,1,1
3237,10,4,0,2,1,1,1
3238,10,4,2,2,1,1,0
3239,10,0,0,2,0,1,1
3240,12,4,6,4,1,1,1
3241,12,8,2,2,1,0,1
3242,6,4,2,2,1,0,1
3243,4,6,0,2,1,1,1
3244,10,6,0,2,1,1,1
3245,10,4,2,2,0,1,1
3246,10,4,2,2,1,1,1
3247,8,4,2,0,1,0,1
3248,10,2,4,2,1,1,1
3249,10,0,2,2,0,1,1
3250,2,2,0,0,1,1,0
3251,6,6,2,0,1,1,1
3252,4,0,2,0,0,1,0
3253,12,0,0,2,1,0,1
3254,10,4,2,2,1,1,0
3255,12,4,4,4,1,1,1
3256,6,4,6,0,1,1,1
3257,10,6,4,2,0,1,1
3258,10,2,0,2,0,1,1
3259,8,6,2,0,1,1,1
3260,12,0,2,0,1,0,1
3261,2,6,6,4,1,0,0
3262,6,4,4,2,1,1,1
3263,12,2,2,0,0,1,1
3264,8,4,0,2,0,1,1
3265,10,4,4,2,1,1,1
3266,10,6,4,0,1,1,1
3267,4,4,0,0,1,1,1
3268,6,2,2,2,0,1,1
3269,6,4,2,6,1,1,1
3270,12,4,0,2,1,0,1
3271,12,0,2,2,1,1,1
3272,10,0,2,2,1,1,1
3273,8,4,0,2,1,1,1
3274,12,0,4,2,0,1,1
3275,8,4,0,4,1,1,1
3276,2,0,2,0,0,1,1
3277,8,6,6,2,1,0,1
3278,10,6,0,6,1,0,1
3279,6,0,2,0,1,1,1
3280,12,4,2,6,1,1,0
3281,10,8,0,2,0,1,1
3282,10,4,2,0,0,0,1
3283,10,4,2,0,1,1,1
3284,0,4,0,2,1,0,1
3285,10,0,4,2,0,1,1
3286,10,4,0,0,1,0,1
3287,8,2,4,2,1,1,0
3288,6,4,4,4,1,1,1
3289,12,4,0,6,1,1,1
3290,10,8,0,2,1,1,1
3291,12,0,2,0,1,0,1
3292,6,0,6,0,0,1,1
3293,8,8,0,2,1,1,1
3294,6,6,2,4,0,0,1
3295,12,2,2,6,1,1,1
3296,8,6,2,2,1,0,1
3297,10,4,0,2,1,0,1
3298,12,0,0,2,0,1,1
3299,10,0,0,2,1,1,1
3300,8,4,4,2,1,1,1
3301,0,4,2,0,1,0,1
3302,10,4,0,0,1,1,1
3303,0,8,0,2,1,1,1
3304,10,4,0,6,0,1,1
3305,4,4,0,2,1,1,1
3306,4,6,4,0,1,1,0
3307,8,2,0,2,1,1,1
3308,10,0,2,0,1,1,1
3309,10,4,6,6,1,0,1
3310,2,6,4,2,1,0,1
3311,10,6,0,0,0,1,1
3312,8,4,0,4,0,0,1
3313,12,4,6,2,1,0,1
3314,10,4,0,4,1,1,1
3315,0,4,0,2,1,1,1
3316,10,6,6,2,1,1,1
3317,8,4,0,2,0,1,1
3318,10,2,4,2,0,0,1
3319,10,12,0,2,0,1,1
3320,12,6,0,2,1,0,1
3321,6,4,4,2,0,1,1
3322,10,0,2,4,1,0,1
3323,8,4,4,0,1,0,1
3324,0,4,4,0,0,1,1
3325,4,4,0,2,0,1,1
3326,4,4,4,2,1,1,0
3327,8,4,0,0,0,0,1
3328,10,4,2,2,0,1,1
3329,10,12,0,2,0,0,0
3330,6,0,0,0,1,1,1
3331,6,6,0,4,1,1,1
3332,10,6,4,2,1,1,1
3333,6,2,0,6,1,1,1
3334,4,4,2,0,1,1,1
3335,10,4,4,0,0,1,1
3336,8,2,6,0,1,1,1
3337,6,6,2,4,1,0,1
3338,4,2,4,0,0,1,1
3339,8,0,2,2,0,1,1
3340,10,0,0,6,1,1,1
3341,4,4,2,0,1,0,1
3342,4,6,2,0,1,1,1
3343,6,6,0,2,1,0,1
3344,10,0,0,2,0,1,1
3345,12,2,0,2,0,1,1
3346,4,8,4,0,0,1,1
3347,12,6,0,6,1,1,1
3348,8,4,0,0,0,1,1
3349,2,4,4,4,1,1,1
3350,10,6,4,0,0,1,1
3351,0,4,2,0,1,1,1
3352,6,0,2,6,1,1,1
3353,12,2,4,0,0,0,1
3354,10,4,0,2,1,0,1
3355,6,4,2,0,1,1,1
3356,10,4,0,0,0,1,1
3357,6,6,2,0,1,1,1
3358,10,6,4,0,0,1,1
3359,10,4,6,0,0,0,1
3360,8,0,0,2,1,1,1
3361,2,12,0,2,1,1,1
3362,12,4,2,2,1,1,1
3363,8,6,6,2,0,1,0
3364,2,4,0,6,0,1,1
3365,12,6,0,0,1,1,1
3366,12,4,0,2,1,1,1
3367,12,6,6,0,0,1,1
3368,2,0,6,2,0,1,1
3369,4,4,4,0,1,1,0
3370,10,2,6,2,1,1,0
3371,8,4,6,0,1,1,1
3372,8,0,2,0,0,1,1
3373,6,0,6,0,1,1,1
3374,4,2,4,2,1,0,1
3375,6,0,0,2,1,0,1
3376,10,0,2,2,1,1,1
3377,10,4,0,2,0,0,1
3378,8,6,4,2,1,1,1
3379,12,10,0,0,1,1,1
3380,8,4,4,6,0,1,1
3381,12,4,2,2,1,1,1
3382,12,2,0,6,1,1,1
3383,10,0,0,2,1,1,1
3384,8,0,4,2,1,0,1
3385,0,0,4,0,0,1,1
3386,10,4,2,4,1,1,1
3387,8,4,0,0,0,1,1
3388,10,6,0,2,0,0,1
3389,12,6,0,6,0,1,1
3390,10,2,2,0,1,1,1
3391,8,0,0,4,1,0,1
3392,6,6,2,2,0,0,0
3393,8,2,6,4,1,1,0
3394,4,10,6,2,0,1,1
3395,10,0,4,0,1,1,1
3396,12,0,0,4,0,0,1
3397,10,2,4,2,1,0,1
3398,10,4,4,4,1,1,1
3399,10,4,4,0,1,1,1
3400,4,4,0,2,0,1,1
3401,10,0,2,2,1,1,1
3402,12,8,0,2,0,1,1
3403,6,4,0,2,0,0,1
3404,10,0,0,2,1,1,1
3405,8,4,2,2,1,1,1
3406,10,4,4,4,0,1,1
3407,12,4,4,0,0,1,1
3408,10,4,2,0,1,1,1
3409,4,2,0,0,1,1,1
3410,2,4,4,2,1,1,1
3411,10,2,2,0,0,1,0
3412,10,4,4,2,1,1,1
3413,6,6,4,2,1,1,1
3414,6,0,0,0,0,1,1
3415,8,6,4,0,0,1,1
3416,0,6,4,0,0,1,1
3417,12,2,4,2,0,1,1
3418,6,4,0,0,1,1,1
3419,8,12,0,2,0,1,1
3420,10,4,2,2,0,0,1
3421,12,2,0,4,1,1,1
3422,12,8,0,6,0,0,1
3423,8,4,0,0,1,1,0
3424,10,6,0,2,1,1,1
3425,10,0,2,4,1,1,1
3426,6,0,6,4,1,1,0
3427,12,6,0,0,0,1,1
3428,4,6,0,2,1,1,1
3429,4,0,2,2,1,1,1
3430,12,6,6,2,1,1,1
3431,8,4,0,6,1,0,1
3432,6,4,2,2,1,1,1
3433,12,4,0,2,0,1,1
3434,6,4,0,4,1,1,1
3435,12,0,4,2,1,1,1
3436,10,4,6,0,0,1,1
3437,10,0,0,2,1,1,1
3438,10,4,4,0,0,1,1
3439,12,4,6,2,1,1,1
3440,0,4,2,6,0,1,1
3441,12,4,0,2,1,1,1
3442,4,4,0,4,0,1,1
3443,12,4,2,2,1,0,1
3444,10,4,4,0,0,1,1
3445,10,0,0,2,1,1,1
3446,4,4,0,6,1,1,1
3447,10,6,2,2,0,1,1
3448,10,10,2,2,1,0,1
3449,8,6,0,0,1,0,1
3450,8,4,4,0,1,1,1
3451,12,6,0,2,1,1,1
3452,6,12,0,4,1,1,0
3453,10,2,2,2,1,1,1
3454,2,4,0,4,1,1,1
3455,12,2,4,2,0,0,0
3456,10,4,2,6,1,1,1
3457,10,0,6,6,1,0,1
3458,12,4,4,0,1,1,1
3459,10,8,4,2,0,1,1
3460,8,4,4,4,1,1,1
3461,12,4,0,2,1,1,1
3462,6,0,0,0,1,1,1
3463,10,0,0,2,1,1,1
3464,6,0,0,0,0,1,1
3465,10,6,0,0,1,0,1
3466,12,2,0,4,1,1,1
3467,10,0,0,0,1,0,0
3468,6,4,4,0,0,0,1
3469,10,0,0,0,0,1,1
3470,6,0,2,0,1,0,1
3471,12,6,4,2,0,0,1
3472,10,4,0,4,1,1,1
3473,6,4,4,2,1,1,1
3474,10,2,0,4,1,1,0
3475,10,2,2,6,1,1,1
3476,10,0,4,2,0,1,1
3477,10,4,6,0,1,0,0
3478,10,4,0,2,0,1,1
3479,6,4,6,2,1,1,1
3480,10,4,0,0,0,0,1
3481,6,0,4,2,0,1,1
3482,12,0,2,4,0,1,1
3483,10,6,2,2,1,0,1
3484,10,2,0,2,0,1,1
3485,10,0,6,2,0,1,1
3486,0,4,4,6,0,1,1
3487,8,4,0,2,0,1,1
3488,12,0,4,6,1,1,1
3489,0,4,0,2,1,0,1
3490,10,4,0,0,1,1,1
3491,10,4,0,6,1,1,1
3492,12,4,0,2,0,1,1
3493,6,2,6,2,0,0,1
3494,6,4,4,2,0,1,1
3495,12,0,0,6,0,1,0
3496,10,0,6,2,0,1,1
3497,8,2,0,4,0,1,1
3498,2,6,0,0,0,0,1
3499,12,4,0,4,1,1,1
3500,12,4,0,2,1,0,1
3501,6,2,0,2,0,1,1
3502,0,4,2,0,1,0,1
3503,4,4,6,0,0,1,1
3504,8,4,2,2,1,1,1
3505,2,2,2,4,1,1,1
3506,4,0,0,0,1,1,1
3507,10,8,2,4,1,1,1
3508,8,6,0,2,1,1,0
3509,10,6,0,0,1,1,1
3510,0,2,2,0,0,1,1
3511,10,6,0,2,1,0,1
3512,12,0,0,0,0,1,1
3513,6,4,0,4,1,1,1
3514,6,6,4,4,1,0,1
3515,12,6,0,0,0,1,0
3516,12,4,0,4,0,1,1
3517,6,8,0,0,0,1,1
3518,8,6,0,2,1,0,1
3519,4,2,4,2,1,1,1
3520,10,6,0,6,1,0,1
3521,4,4,4,0,1,1,1
3522,12,4,4,4,0,1,1
3523,10,12,4,4,1,1,1
3524,6,0,0,6,0,0,0
3525,10,6,0,2,1,1,0
3526,8,4,6,0,0,1,1
3527,12,4,0,2,1,1,1
3528,12,0,2,6,0,1,1
3529,10,2,0,0,1,1,1
3530,4,2,0,2,0,1,1
3531,12,4,0,4,1,1,1
3532,10,6,2,0,1,0,1
3533,6,4,6,2,0,1,1
3534,10,12,0,4,1,1,0
3535,8,6,2,0,0,1,1
3536,6,0,0,0,1,1,1
3537,12,0,2,2,1,0,1
3538,12,4,4,4,1,0,1
3539,2,8,0,6,0,1,1
3540,4,4,4,6,1,0,1
3541,12,4,2,2,0,1,1
3542,10,4,0,2,1,1,1
3543,12,6,0,2,1,0,1
3544,10,6,6,6,1,1,1
3545,6,4,0,2,1,1,1
3546,4,0,6,4,1,1,0
3547,4,4,0,0,0,1,1
3548,2,8,0,2,1,0,1
3549,12,6,0,0,1,1,1
3550,8,4,2,0,0,1,1
3551,2,4,0,4,1,1,1
3552,6,6,4,2,1,0,1
3553,12,0,4,0,0,1,1
3554,8,4,6,0,1,1,1
3555,12,0,0,0,1,1,1
3556,10,2,2,2,1,0,1
3557,6,4,2,0,1,1,1
3558,10,4,0,6,1,0,1
3559,8,6,0,2,1,1,1
3560,6,0,4,0,1,0,1
3561,8,4,0,2,1,1,1
3562,4,8,4,0,0,1,1
3563,0,0,4,2,1,1,1
3564,6,4,0,2,0,1,1
3565,10,4,4,0,1,0,1
3566,12,6,2,0,1,1,1
3567,6,4,2,2,1,1,1
3568,10,6,0,0,1,1,1
3569,6,0,2,2,0,0,1
3570,10,0,2,2,1,1,1
3571,8,4,4,4,0,1,1
3572,0,8,2,2,1,0,1
3573,6,6,4,0,0,0,1
3574,10,4,6,0,1,1,1
3575,10,4,6,0,0,0,1
3576,4,2,2,4,1,1,1
3577,12,0,0,0,1,1,1
3578,8,4,2,0,0,1,1
3579,2,6,2,0,1,1,1
3580,10,2,4,2,1,0,1
3581,6,6,0,2,0,1,1
3582,10,0,0,2,0,1,1
3583,10,0,6,0,0,1,1
3584,10,4,0,0,1,1,1
3585,10,0,4,6,1,1,1
3586,0,4,4,0,1,0,1
3587,10,0,4,0,0,1,1
3588,8,0,0,0,1,1,1
3589,12,6,2,0,0,0,1
3590,0,2,0,0,1,0,1
3591,8,0,6,2,1,1,1
3592,0,4,0,6,1,1,1
3593,10,0,4,2,1,0,1
3594,4,4,2,6,0,1,1
3595,10,12,4,2,1,1,1
3596,6,6,0,4,0,1,0
3597,6,2,6,2,1,0,1
3598,10,4,2,2,0,0,1
3599,12,4,2,6,1,0,1
3600,2,4,6,2,1,0,1
3601,4,6,0,0,1,1,1
3602,12,4,6,2,0,0,1
3603,6,4,2,0,0,1,1
3604,0,4,0,0,0,0,1
3605,2,4,2,0,0,1,1
3606,10,0,2,2,0,0,0
3607,12,4,2,4,1,0,1
3608,2,6,0,6,1,1,1
3609,8,4,2,0,1,1,1
3610,10,6,6,2,0,1,1
3611,12,0,2,0,1,0,1
3612,8,4,2,4,1,0,1
3613,10,6,6,0,0,1,1
3614,0,6,2,0,1,0,1
3615,10,0,0,2,0,0,1
3616,10,10,0,4,1,0,1
3617,2,0,6,4,0,1,1
3618,8,0,2,4,0,1,1
3619,6,4,4,4,1,0,0
3620,10,2,0,2,1,1,1
3621,8,4,2,2,1,1,1
3622,10,4,0,2,0,1,1
3623,2,4,4,2,0,1,1
3624,2,6,0,2,1,1,1
3625,10,4,4,4,1,1,1
3626,8,10,4,2,1,0,1
3627,10,4,4,6,0,1,1
3628,4,12,2,0,0,0,1
3629,4,6,0,2,1,1,1
3630,0,6,0,2,1,1,1
3631,6,8,0,2,0,0,1
3632,12,0,0,4,1,0,1
3633,12,6,4,6,1,1,1
3634,10,10,0,6,1,1,1
3635,8,0,2,4,1,1,1
3636,12,6,0,0,1,0,1
3637,10,4,2,2,1,1,1
3638,10,0,4,0,1,0,1
3639,12,6,2,0,1,0,1
3640,6,4,2,2,0,1,1
3641,12,4,2,2,0,1,1
3642,6,10,4,2,0,1,0
3643,10,4,4,2,1,1,1
3644,10,0,0,4,0,1,1
3645,2,0,2,0,0,0,1
3646,10,8,0,4,0,1,1
3647,8,6,0,2,0,1,1
3648,8,0,6,4,0,0,1
3649,10,6,0,0,1,1,0
3650,0,10,2,0,1,1,1
3651,12,6,2,4,1,1,1
3652,6,4,0,6,1,1,1
3653,8,4,0,0,1,1,1
3654,6,4,2,2,1,1,1
3655,6,4,0,0,1,1,1
3656,0,4,6,0,0,1,1
3657,8,6,4,4,1,0,1
3658,10,8,4,0,1,0,1
3659,2,6,2,2,1,0,1
3660,10,6,2,0,0,1,1
3661,4,4,0,2,1,1,1
3662,12,6,4,4,1,1,1
3663,6,0,0,4,1,0,0
3664,10,6,4,4,1,1,0
3665,0,0,0,0,0,1,1
3666,4,0,4,4,0,1,1
3667,10,6,0,2,1,1,1
3668,12,0,2,4,0,1,1
3669,8,6,0,2,1,1,1
3670,12,4,6,6,1,0,1
3671,8,6,0,6,1,1,1
3672,12,4,0,0,0,1,1
3673,2,4,0,4,1,1,1
3674,6,4,2,4,1,1,1
3675,10,4,2,6,1,1,1
3676,4,4,0,4,1,1,0
3677,10,8,0,4,1,1,1
3678,8,6,0,4,1,1,1
3679,10,0,0,0,0,1,1
3680,0,12,4,0,0,1,1
3681,0,4,2,2,1,0,0
3682,6,4,0,0,1,1,1
3683,4,0,2,0,1,0,1
3684,10,8,4,2,1,0,1
3685,10,0,6,2,1,0,1
3686,12,4,2,2,1,1,1
3687,6,4,2,2,0,0,1
3688,12,6,0,2,0,1,1
3689,10,0,4,2,1,0,1
3690,10,4,4,4,1,0,1
3691,12,4,2,6,1,1,1
3692,10,0,0,0,1,1,1
3693,10,4,2,4,1,0,1
3694,12,8,2,0,0,1,1
3695,8,0,4,2,1,1,1
3696,12,0,0,0,1,0,1
3697,2,0,6,6,0,1,1
3698,10,6,0,2,1,1,0
3699,12,0,0,6,0,1,1
3700,6,2,2,4,1,1,1
3701,4,4,6,2,0,1,1
3702,0,0,2,2,1,0,1
3703,10,0,4,4,0,0,1
3704,10,0,0,2,1,1,1
3705,12,0,6,4,1,1,1
3706,10,2,0,4,1,1,1
3707,12,4,0,2,0,1,0
3708,6,4,4,2,0,1,1
3709,10,4,0,4,1,1,1
3710,12,6,2,2,0,1,1
3711,12,2,2,4,0,0,1
3712,10,4,0,0,1,1,1
3713,0,4,6,4,1,1,1
3714,12,4,4,4,0,1,1
3715,8,6,2,4,1,1,1
3716,10,4,0,2,1,1,1
3717,8,6,2,0,1,0,0
3718,10,6,0,0,1,1,1
3719,8,0,2,0,0,1,1
3720,10,6,4,0,1,1,1
3721,10,4,2,2,1,1,1
3722,6,4,0,2,0,1,1
3723,6,0,2,4,0,1,1
3724,10,4,6,2,1,0,1
3725,12,4,0,0,1,0,1
3726,8,0,4,0,0,1,1
3727,6,6,0,4,0,1,1
3728,2,4,6,0,1,1,0
3729,10,4,4,2,1,1,1
3730,12,2,0,6,1,0,1
3731,10,6,2,2,0,0,1
3732,10,6,2,0,1,1,1
3733,12,0,0,4,1,1,0
3734,12,4,0,2,0,1,1
3735,10,6,0,2,1,1,1
3736,4,4,0,2,1,1,1
3737,0,8,4,6,0,1,1
3738,10,6,4,2,1,0,1
3739,10,4,0,0,0,1,0
3740,6,6,2,2,1,1,1
3741,6,6,6,0,0,0,0
3742,8,2,0,4,1,0,1
3743,12,4,0,0,1,1,1
3744,10,8,4,4,0,1,1
3745,10,2,6,0,0,1,1
3746,6,4,0,0,1,1,1
3747,6,0,2,0,1,1,0
3748,6,0,2,0,1,1,1
3749,12,6,4,2,1,0,1
3750,10,4,6,0,0,1,1
3751,0,0,0,0,1,1,0
3752,10,4,0,2,1,1,1
3753,12,6,2,0,1,1,1
3754,12,0,4,2,0,1,1
3755,4,6,2,2,0,1,1
3756,10,2,2,6,0,1,1
3757,10,0,2,0,1,0,1
3758,12,4,0,4,0,1,1
3759,12,0,4,0,1,1,1
3760,2,4,2,2,1,1,0
3761,8,4,0,0,1,1,1
3762,12,8,2,2,1,1,1
3763,10,2,2,4,1,1,1
3764,12,4,6,2,0,1,1
3765,10,2,4,0,1,0,1
3766,12,12,0,2,1,0,1
3767,4,12,4,2,1,1,1
3768,8,0,2,2,1,1,1
3769,2,4,0,2,1,1,1
3770,12,4,2,4,1,1,1
3771,2,0,2,0,0,1,1
3772,6,6,6,2,1,1,1
3773,10,0,0,4,0,1,1
3774,4,4,0,2,1,0,1
3775,12,2,0,6,0,1,1
3776,10,10,2,4,1,1,1
3777,12,6,0,4,1,1,1
3778,2,0,4,6,0,0,1
3779,2,0,0,0,1,1,1
3780,2,6,0,4,0,1,1
3781,12,0,0,2,1,1,1
3782,10,4,0,0,1,0,1
3783,8,2,2,2,0,1,1
3784,12,4,2,4,1,0,1
3785,10,4,4,2,0,1,1
3786,4,12,0,2,0,1,1
3787,0,4,2,4,1,1,1
3788,6,4,4,4,0,1,1
3789,10,4,2,2,1,1,1
3790,12,0,6,0,1,1,1
3791,6,0,2,6,1,1,1
3792,6,2,4,4,0,1,1
3793,8,4,0,0,1,1,1
3794,10,4,2,2,1,0,1
3795,6,4,2,2,1,1,1
3796,12,0,0,0,0,1,1
3797,12,4,0,2,1,0,1
3798,12,4,4,4,1,1,1
3799,8,2,0,6,1,1,1
3800,2,6,0,2,0,0,1
3801,12,4,4,2,1,1,1
3802,10,4,0,2,1,1,1
3803,4,6,4,2,1,1,1
3804,12,4,0,2,1,1,1
3805,4,2,6,2,0,1,1
3806,6,0,4,2,1,0,1
3807,8,0,4,6,1,0,1
3808,6,2,2,2,0,0,1
3809,10,2,0,2,1,1,1
3810,2,6,4,0,1,1,1
3811,10,4,2,0,0,1,1
3812,12,4,2,0,0,0,0
3813,6,4,0,2,0,1,1
3814,0,12,2,4,1,1,1
3815,6,4,4,6,1,1,1
3816,12,4,4,0,0,0,1
3817,2,4,0,2,1,1,1
3818,8,4,4,6,1,1,1
3819,10,6,2,2,1,1,1
3820,10,6,0,6,1,1,1
3821,12,4,0,0,1,1,1
3822,6,6,4,2,1,1,1
3823,6,10,6,2,1,1,1
3824,6,4,0,2,0,1,1
3825,4,4,4,4,1,1,1
3826,10,4,0,2,1,1,1
3827,10,4,6,4,1,1,0
3828,4,2,2,0,0,1,1
3829,12,0,2,2,1,1,1
3830,12,10,2,0,1,1,0
3831,8,6,2,0,1,1,1
3832,2,6,0,2,1,1,1
3833,8,0,2,2,1,1,0
3834,8,0,0,6,0,1,0
3835,10,10,6,0,1,0,1
3836,6,2,2,2,0,1,1
3837,12,10,4,2,1,1,1
3838,10,6,0,6,1,1,1
3839,8,6,4,0,1,1,1
3840,12,4,0,0,0,1,1
3841,12,0,2,6,0,1,1
3842,10,0,0,0,1,1,1
3843,12,4,6,2,1,1,1
3844,12,6,0,4,0,0,1
3845,12,0,2,2,0,1,1
3846,4,10,4,4,1,1,1
3847,10,4,0,0,1,1,1
3848,8,4,0,2,0,1,0
3849,2,6,2,6,0,1,1
3850,12,6,0,2,1,1,1
3851,12,4,4,4,0,1,1
3852,12,0,2,2,0,1,1
3853,10,8,0,2,1,1,1
3854,0,6,2,0,1,1,1
3855,10,4,2,2,1,1,1
3856,10,4,0,2,1,0,1
3857,0,0,0,0,1,0,1
3858,2,0,0,2,1,1,1
3859,2,4,6,4,1,1,1
3860,2,8,4,2,1,1,1
3861,6,6,0,4,1,1,1
3862,6,4,2,4,0,0,0
3863,8,6,0,2,0,0,1
3864,10,4,6,2,0,1,1
3865,8,4,4,2,1,1,0
3866,2,4,0,2,0,1,1
3867,10,4,0,0,1,1,1
3868,2,4,6,6,1,0,1
3869,12,4,6,2,1,1,1
3870,12,0,4,0,1,1,1
3871,8,6,2,2,0,0,1
3872,12,0,0,4,1,0,0
3873,8,4,0,4,1,1,0
3874,6,0,0,0,1,0,1
3875,6,4,4,4,1,1,1
3876,4,2,0,0,0,0,0
3877,10,0,6,2,1,0,1
3878,8,4,6,4,0,1,1
3879,12,4,0,0,1,1,1
3880,6,0,2,0,1,1,1
3881,12,6,2,6,1,1,1
3882,8,0,4,2,1,1,1
3883,8,4,0,2,0,0,1
3884,12,4,6,2,1,1,1
3885,10,0,6,0,1,1,1
3886,10,2,2,0,1,1,1
3887,6,2,0,2,1,0,1
3888,10,4,0,2,1,1,1
3889,12,12,2,0,0,1,1
3890,6,6,2,2,0,1,0
3891,12,6,0,0,0,0,1
3892,12,4,2,2,1,1,1
3893,10,6,0,4,1,1,1
3894,8,4,2,2,0,1,1
3895,2,6,0,2,1,0,1
3896,4,0,0,0,0,1,1
3897,0,4,4,4,1,0,1
3898,6,6,0,0,1,1,1
3899,6,4,0,2,1,1,1
